cust_name,review_date,review_title,review_description,range_used,review_score
Edriaa,30/04/2023,Bien,Bien,Utilise ce produit depuis 1 semaine ou moins,5
Badr belmaachi,11/02/2023,jdida,Salam,Utilise ce produit depuis Plus de 2 ans,5
Khalid,02/01/2023,42,1,Utilise ce produit depuis 3 √† 6 mois,5
Youssef,08/10/2022,Comfortable,It is comfortable and practical,Utilise ce produit depuis 2 √† 8 semaines,5
Youssef,02/10/2022,Sandales,C'est bien,Utilise ce produit depuis 2 √† 8 semaines,4
Mohamed,25/09/2022,Bien,Il est bien ce produit,Utilise ce produit depuis 2 √† 8 semaines,4
Imad,15/09/2022,l√©ger et confortable,confortable,Utilise ce produit depuis 3 √† 6 mois,5
Rachid,04/09/2022,excellent produit,excellent produit,Utilise ce produit depuis 2 √† 8 semaines,5
JAMAL,01/09/2022,Super,Pratique et super,Utilise ce produit depuis 2 √† 8 semaines,5
Mohamed,13/08/2022,Z,Bon produit,Utilise ce produit depuis 2 √† 8 semaines,4
Hicham,05/08/2022,Bien,Bon produit,Utilise ce produit depuis 2 √† 8 semaines,5
Abdelkarim,04/08/2022,elidrissi.karim4567@gmaile.com,ÿ±ÿßÿ¶ÿπ ⁄ÜÿØÿß,Utilise ce produit depuis 1 semaine ou moins,5
Amina,31/07/2022,Satisfait,Tr√®s satisfait,Utilise ce produit depuis 2 √† 8 semaines,2
-Naima,31/07/2022,.,Robuste et Tr√®s confortable,Utilise ce produit depuis 1 semaine ou moins,4
Ghazi Mustapha,26/07/2022,Excellent,Bon produit,Utilise ce produit depuis 2 √† 8 semaines,4
Hassan,17/07/2022,excellent produit,Tr√®s bon produit pour utilisation en p√©riode estivale.,Utilise ce produit depuis 2 √† 8 semaines,5
Mbk,15/07/2022,Sandales,Tr√®s confortable,Utilise ce produit depuis 2 √† 8 semaines,4
Sanaa,22/06/2022,Bonne qualit√©,Tr√®s bonne qualit√©,Utilise ce produit depuis 2 √† 8 semaines,5
Zoubaili,17/06/2022,Bravoo decathlon,Pour l instant r√©confortant un seul b√©mol il glisse  surtout avec la moto au garage en descendant boom .main dans tt les cad bien,Utilise ce produit depuis 2 √† 8 semaines,5
Azzedine,29/05/2022,Bien,Bien,NaN,3
Dedel-Sylvie,27/05/2023,Rien √† dire,Rien √† dire,Utilise ce produit depuis 1 semaine ou moins,4
Alexandre,26/05/2023,produit correspondant √† mon‚Ä¶,produit correspondant √† mon attente.,Utilise ce produit depuis 1 semaine ou moins,4
Sabrina,24/05/2023,rien a signaler,rien a signaler,Utilise ce produit depuis 1 semaine ou moins,4
Annick,24/05/2023,ras merci,ras merci,Utilise ce produit depuis 1 semaine ou moins,4
Jean Paul,24/05/2023,2√®me paire car tr√®s‚Ä¶,2√®me paire car tr√®s satisfait de la pr√©c√©dente,Utilise ce produit depuis 1 semaine ou moins,5
Jean Paul,24/05/2023,Parfait,Parfait,Utilise ce produit depuis 2 √† 8 semaines,4
Rakotoarimanana,22/05/2023,sandale gris,taille bien,Utilise ce produit depuis 1 semaine ou moins,4
Murielle,21/05/2023,"Confortable, agr√©able √† porter","Confortable, agr√©able √† porter",Utilise ce produit depuis 2 √† 8 semaines,4
Christiane,20/05/2023,Confortable bon produit et‚Ä¶,Confortable bon produit et prix au top,Utilise ce produit depuis 1 semaine ou moins,5
Martine,20/05/2023,je recommande ce produit‚Ä¶,je recommande ce produit qui est tr√®s confortable,Utilise ce produit depuis 2 √† 8 semaines,5
Dominique,20/05/2023,Belle qualit√© pour un‚Ä¶,Belle qualit√© pour un prix mini,Utilise ce produit depuis Plus d'un an,5
Fabien,20/05/2023,Bien,Bien,Utilise ce produit depuis 7 √† 12 mois,4
Isabelle,20/05/2023,Surtout choisi chez les‚Ä¶,Surtout choisi chez les hommes car le mod√®le femme n'a pas la semelle qui remonte un peu √† l'avant et prot√®ge un peu le bout des orteils.,Utilise ce produit depuis 2 √† 8 semaines,4
Jean,19/05/2023,Tout ok,Tout ok,Utilise ce produit depuis 2 √† 8 semaines,5
Evelyne,18/05/2023,La sandale prend trop‚Ä¶,La sandale prend trop la forme du pied et devient donc inconfortable √† l'usage.,Utilise ce produit depuis 2 √† 8 semaines,2
Pascal,18/05/2023,Correspond √† mon attente,Correspond √† mon attente,Utilise ce produit depuis 2 √† 8 semaines,4
Eric,18/05/2023,Sandales solides et agr√©ables‚Ä¶,Sandales solides et agr√©ables √† porter.,Utilise ce produit depuis 7 √† 12 mois,5
Eric,15/05/2023,Super pas de probl√®me‚Ä¶,Super pas de probl√®me aussi bien dans le sable que dans l'eau de mer.,Utilise ce produit depuis 2 √† 8 semaines,5
Rida,14/05/2023,Tr√®s confortable et rapport‚Ä¶,Tr√®s confortable et rapport qualit√©/prix imbattable.,Utilise ce produit depuis 2 √† 8 semaines,5
Rose,14/05/2023,Ras,Ras,Utilise ce produit depuis Plus d'un an,4
Virginie,11/05/2023,Confortables,"Bonnes sandalettes, pratique pour l'√©t√©. Manque un choix plus diversifi√© en coloris (achet√© pour mon fils qui ne trouve plus sa pointure en enfant)",Utilise ce produit depuis 1 semaine ou moins,4
Elisabeth,07/05/2023,:yes:,üëç,Utilise ce produit depuis 1 semaine ou moins,4
Elisabeth,07/05/2023,:yes:,üëç,Utilise ce produit depuis 1 semaine ou moins,4
Michel,07/05/2023,Tr√®s bon produit,Tr√®s bon produit,Utilise ce produit depuis 1 semaine ou moins,5
Jean Francois,07/05/2023,Produit conforme aux attentes.,Produit conforme aux attentes.,Utilise ce produit depuis 7 √† 12 mois,5
Annie,07/05/2023,Impeccable au bord de‚Ä¶,Impeccable au bord de la mer. Satisfait de ce produit.,Utilise ce produit depuis 2 √† 8 semaines,4
Nouzoula,06/05/2023,Chaussures tr√®s confortable,Chaussures tr√®s confortable,Utilise ce produit depuis 1 semaine ou moins,5
REMY,05/05/2023,Attache trop courte,La languette pour maintenir la sandale avec le velcro est trop court . Pas du tout confortable. D√©faut majeur qu'il n'y avait pas sur le mod√®le de 2022 . La m√™me sandale en gris anthracite n'a pas ce d√©faut.,Utilise ce produit depuis 1 semaine ou moins,1
Didier,04/05/2023,Bien,Bien,Utilise ce produit depuis 2 √† 8 semaines,5
Alexandre,02/05/2023,"Obsolescence programm√©e, avec odeurs... ;)","Je porte des sandales depuis un demi-si√®cle... malheureusement depuis une quinzaine d'ann√©es le diktat de la mode a rendu le cuir et les mat√©riaux naturels introuvables pour le commun des mortels. 

On se contente donc de synth√©tique et autres d√©riv√©s de p√©trole, et on ferme les yeux sur le design spokien.

Ce mod√®le-ci a la particularit√© de puer! Je marche beaucoup, et c'est la premi√®re fois que des sandales me font puer des pieds. 

Achet√©es en mai 2021, elles sont d√©j√† en train de partir en morceaux : c'est l'obsolescence programm√©e, avec odeurs... ;)",Utilise ce produit depuis Plus d'un an,2
Janine,01/05/2023,bon aritcle,bon aritcle,Utilise ce produit depuis 1 semaine ou moins,4
Alexandre,01/05/2023,Sandales tr√®s agr√©able pour‚Ä¶,Sandales tr√®s agr√©able pour le prix,Utilise ce produit depuis 7 √† 12 mois,4
Aalain,01/05/2023,Bon produit,Bon rapport qualit√© prix,Utilise ce produit depuis 1 semaine ou moins,4
Patrick,30/04/2023,l√©g√®re,l√©g√®re,Utilise ce produit depuis 2 √† 8 semaines,5
Tony,30/04/2023,Dommage que le rayon‚Ä¶,Dommage que le rayon de ma taille de pied soit vide,Utilise ce produit depuis 1 semaine ou moins,4
Monique,30/04/2023,Pratique avec les scratchs,Pratique avec les scratchs,Utilise ce produit depuis 2 √† 8 semaines,5
Mich√®le,29/04/2023,J‚Äôai d√©j√† achet√© cet‚Ä¶,J‚Äôai d√©j√† achet√© cet article et j‚Äôai fait 1500kms (St Jacques de Compostelle) sans aucun probl√®me. Je les utilise toujours mais je voulais les renouveler. Je recommande vivement !,Utilise ce produit depuis 2 √† 8 semaines,5
Marinette,29/04/2023,prix raisonnable,d√©j√† une paire assez solide et confortable pour l'√©t√©,Utilise ce produit depuis 1 semaine ou moins,5
Jeremy,25/04/2023,Tr√®s bon rapport qualit√©‚Ä¶,Tr√®s bon rapport qualit√© prix ! Un bon compromis entre tong et chaussure . Facile pour conduire avec,Utilise ce produit depuis 2 √† 8 semaines,4
Annie,24/04/2023,Article facile d'utilisation.,Article facile d'utilisation.,Utilise ce produit depuis 1 semaine ou moins,5
Bounama,24/04/2023,Adh√©rent,Adh√©rent,Utilise ce produit depuis 7 √† 12 mois,5
Matthieu,24/04/2023,SANDALES,Conforme aux attentes,Utilise ce produit depuis Plus d'un an,5
Christian,23/04/2023,Bon produit,Bon produit,Utilise ce produit depuis 2 √† 8 semaines,5
Catherine,21/04/2023,Ideal pour l √©t√©‚Ä¶,Ideal pour l √©t√© assure une bonne marche et un bon maintien,Utilise ce produit depuis 7 √† 12 mois,5
nourdin,17/04/2023,Exilent produit,Exilent produit,Utilise ce produit depuis 2 √† 8 semaines,4
Romuald,15/04/2023,Convient pour remplacer les‚Ä¶,"Convient pour remplacer les tons avec un pied moins expos√© au soleil. Ne convient pas du tout pour les randonn√©es o√π des passages √† gu√© sont obligatoires, malgr√© un resserrage excessif des r√©glages. Quand √† l'adh√©rence je sais tr√®s d√©√ßu. Pourtant achet√© pour remplacer une paire identique qui a presque fait une d√©cennie. Mat√©riaux mal choisis ? Je conserver pour les balades en ville et sur le sable.",Utilise ce produit depuis 2 √† 8 semaines,3
Bernard,15/04/2023,Je les renouvelles tous‚Ä¶,Je les renouvelles tous les 2 ans,Utilise ce produit depuis Plus de 2 ans,4
Bertrand,13/04/2023,Conforme aux attentes,Conforme aux attentes,Utilise ce produit depuis 7 √† 12 mois,5
Philippe,09/04/2023,Bon produit,Bon produit,Utilise ce produit depuis 1 semaine ou moins,5
Carmen,09/04/2023,Best sandals ever,Tres comfortable,Utilise ce produit depuis 2 √† 8 semaines,5
Anne,08/04/2023,Bon rapport qualit√©-prix.,Bon rapport qualit√©-prix.,Utilise ce produit depuis 1 semaine ou moins,5
Olivier,06/04/2023,Paire de sandales remplac√©e‚Ä¶,Paire de sandales remplac√©e par des neuves apr√®s 3 ann√©es de bons et loyaux services,Utilise ce produit depuis 1 semaine ou moins,5
Cedric,04/04/2023,:yes:,üëç,Utilise ce produit depuis 1 semaine ou moins,4
Louis Marie,03/04/2023,Rien a signaler,Rien a signaler,Utilise ce produit depuis Plus d'un an,4
Jp,25/03/2023,Excellent,Solide. Tr√®s satisfait du produit,Utilise ce produit depuis 7 √† 12 mois,5
Vanessa,23/03/2023,Bon rapport qualit√© prix,Bon rapport qualit√© prix,Utilise ce produit depuis 7 √† 12 mois,5
Antonio,22/03/2023,Un rapport qualit√©/prix sans‚Ä¶,"Un rapport qualit√©/prix sans pareil.
Impeccable comme d'habitude üëç",Utilise ce produit depuis 1 semaine ou moins,5
Jean Louis,20/03/2023,Correspond a la description,Correspond a la description,Utilise ce produit depuis 7 √† 12 mois,5
Sandrine,19/03/2023,Tr√®s bien pour la‚Ä¶,Tr√®s bien pour la marche,Utilise ce produit depuis 7 √† 12 mois,4
Kouider,13/03/2023,Qualit√© mati√®re couleur et‚Ä¶,Qualit√© mati√®re couleur et la taille,Utilise ce produit depuis 7 √† 12 mois,4
Claire,11/03/2023,Pour les petites marches‚Ä¶,Pour les petites marches d approche pour se rendre en falaise lorsqu il y a des passages d eau.,Utilise ce produit depuis 7 √† 12 mois,5
Lucie,10/03/2023,Parfait,Parfait,Utilise ce produit depuis 7 √† 12 mois,5
Alban,10/03/2023,Bien,Bien,Utilise ce produit depuis 7 √† 12 mois,5
Fran√ßoise,07/03/2023,tr√®s bien,tr√®s bien,Utilise ce produit depuis 3 √† 6 mois,5
Vincent,07/03/2023,"Confortable pour les balades,‚Ä¶","Confortable pour les balades, orteils prot√©g√©s ;-)",Utilise ce produit depuis 7 √† 12 mois,5
Jean Claude,03/03/2023,parfait,parfait,Utilise ce produit depuis 7 √† 12 mois,5
Hugues,03/03/2023,Le guide de taille‚Ä¶,"Le guide de taille semble erron√©. La taille 48 n est pa incluse et ma sandale est trop longue de quelques mm. Dommage..... Je suis tent√©  de prendre un second par s√©curit√©  car ma taille introuvable √†  part chez decathlon (48, 30.7 cm).",Utilise ce produit depuis 2 √† 8 semaines,4
Matthias,02/03/2023,Top,Top,Utilise ce produit depuis 2 √† 8 semaines,5
Andre,28/02/2023,impec,impec,Utilise ce produit depuis 3 √† 6 mois,5
Christine,27/02/2023,qualit√© /prix  correcte,qualit√© /prix  correcte,Utilise ce produit depuis 7 √† 12 mois,4
Katia,26/02/2023,Mati√®re un peu glissante‚Ä¶,Mati√®re un peu glissante mais correcte,Utilise ce produit depuis 3 √† 6 mois,4
LAURENT,25/02/2023,A√©ration correcte du pied,A√©ration correcte du pied,Utilise ce produit depuis 2 √† 8 semaines,5
Sylvie,22/02/2023,Bien,Bien,Utilise ce produit depuis 3 √† 6 mois,4
Rakotoarimanana,22/02/2023,nh 100 marron,taille bien,Utilise ce produit depuis 1 semaine ou moins,4
Sylvie,17/02/2023,parfait pour l'√©t√©,parfait pour l'√©t√©,Utilise ce produit depuis 7 √† 12 mois,5
Joelle,11/02/2023,Bon conforme √† mes‚Ä¶,Bon conforme √† mes souhaits,Utilise ce produit depuis Plus d'un an,5
Odile,08/02/2023,Bon rapport qualit√© prix,Bon rapport qualit√© prix,Utilise ce produit depuis 7 √† 12 mois,5
Vincent,07/02/2023,Utilis√© au Cap Vert,Utilis√© au Cap Vert,Utilise ce produit depuis 2 √† 8 semaines,5
Jean Jacques,07/02/2023,malgr√© quelles ne soient‚Ä¶,"malgr√© quelles ne soient pas faites pour l'eau, je ne les utilisent que pour l'eau, baignade, kayak, paddle, et il n'y a aucun probl√®me. Elles sont solides et confortables.",Utilise ce produit depuis 3 √† 6 mois,5
Emilie,30/01/2023,SUPER PRODUIT MARCHE TOUT‚Ä¶,SUPER PRODUIT MARCHE TOUT TERRAIN IDEAL L'ETE,Utilise ce produit depuis 7 √† 12 mois,5
√âlodie,29/01/2023,Bien pour les mecs,Bien pour les mecs,Utilise ce produit depuis 7 √† 12 mois,4
Isabelle,29/01/2023,Confortable,L√©ger et r√©sistant,Utilise ce produit depuis Plus d'un an,4
Isabelle,24/01/2023,Chaussures l√©g√®res,"Agr√©ables √† porter sur sol l√©g√®rement escarp√© 
Produit solide",Utilise ce produit depuis 3 √† 6 mois,5
Nadine,22/01/2023,correspond √† mes attentes,correspond √† mes attentes,Utilise ce produit depuis 7 √† 12 mois,5
Cathy,21/01/2023,Tr√®s bon produit et‚Ä¶,Tr√®s bon produit et bon rapport qualit√©/prix.,Utilise ce produit depuis 3 √† 6 mois,5
St√©phane,20/01/2023,"Une pointure au-dessus, et‚Ä¶","Une pointure au-dessus, et c'√©tait parfait, alors qu'il y a quelques ann√©es, j'en trouvais encore √† Decathlon.",Utilise ce produit depuis 7 √† 12 mois,3
Christine,20/01/2023,Le bout relev√© est‚Ä¶,Le bout relev√© est vraiment un plus,Utilise ce produit depuis 7 √† 12 mois,5
Claude,18/01/2023,Bonne sandales pour l'√©t√©.,Bonne sandales pour l'√©t√©.,Utilise ce produit depuis 3 √† 6 mois,4
jean-michel,18/01/2023,tr√®s bon produit,tr√®s bon produit,Utilise ce produit depuis 3 √† 6 mois,5
Isabelle,17/01/2023,"tr√®s bien, mais c'est‚Ä¶","tr√®s bien, mais c'est un produit √† essayer en magasin, les chaussures ne taillent pas correctement",Utilise ce produit depuis 7 √† 12 mois,5
Bernard,17/01/2023,Excellente prestation.  Id√©al‚Ä¶,Excellente prestation.  Id√©al pour une randonn√©e facile,Utilise ce produit depuis 3 √† 6 mois,4
Jessica,17/01/2023,Bonne chaussure,Bonne chaussure,Utilise ce produit depuis 3 √† 6 mois,5
Jean Francois,17/01/2023,Bonnes sandales solides.,Bonnes sandales solides.,Utilise ce produit depuis 7 √† 12 mois,5
Corinne,16/01/2023,RAS,RAS,Utilise ce produit depuis 3 √† 6 mois,5
Karine,13/01/2023,Utilisation adapt√©e √† l'usage‚Ä¶,Utilisation adapt√©e √† l'usage attendu,Utilise ce produit depuis 3 √† 6 mois,4
Jacques,12/01/2023,sandale,excellent pour le prix,Utilise ce produit depuis Plus d'un an,4
mohamed,08/01/2023,Ras,Ras,Utilise ce produit depuis 3 √† 6 mois,5
Maxime,01/01/2023,Excellent pour marcher l'√©t√©,Excellent pour marcher l'√©t√©,Utilise ce produit depuis 3 √† 6 mois,5
Francis,31/12/2022,tr√®s agr√©able √† porter,tr√®s agr√©able √† porter,Utilise ce produit depuis 3 √† 6 mois,4
Julien,30/12/2022,Passable,Passable,Utilise ce produit depuis 3 √† 6 mois,2
Francis,29/12/2022,Ras,RAS,Utilise ce produit depuis 2 √† 8 semaines,5
Ahmed,26/12/2022,Elles n‚Äôamortissent pas assez‚Ä¶,Elles n‚Äôamortissent pas assez mais pas mal quand m√™me,Utilise ce produit depuis 7 √† 12 mois,5
Gerald,21/12/2022,Glisse un peu en‚Ä¶,Glisse un peu en randonn√©e humide,Utilise ce produit depuis 7 √† 12 mois,4
J√©r√¥me,19/12/2022,Pratique,Pratique,Utilise ce produit depuis Plus d'un an,4
Gaylord,19/12/2022,Bon produit,"C'est un bon produit, il fait bien son travail, n√©anmoins je trouve que lorsque l'on fait un certains poids, l'amorti du talon ne fait plus son office rapidement, sinon, mis √† par ce d√©sagr√©ment, je recommande",Utilise ce produit depuis 3 √† 6 mois,5
Christian,19/12/2022,Bonne tenue dans le‚Ä¶,Bonne tenue dans le temps,Utilise ce produit depuis Plus d'un an,5
Sandro,18/12/2022,Tr√®s bonne sandales,"Achet√© par mes parents d√©but mai 2022,  pour que je les portent d√®s les beaux jours. Ses sandales sont signe d'une grande qualit√©. Elles survivent √† toute √©preuve. Je les ai port√© au lyc√©e, √† la plage, √† la p√™che, jusqu'en octobre 2022. Je les ai m√™me port√©es √† la rentr√©e des classes (un peu conseill√© par mes parents) avec un pantacourt. Elles sont tr√®s a√©r√©es, et permettent de ne pas rester les pieds dans les baskets toute l'ann√©e comme beaucoup de jeunes de mon √¢ge. Finalement, tr√®s agr√©ables, confortable et multi-t√¢ches.",Utilise ce produit depuis 7 √† 12 mois,5
Claude,18/12/2022,Super produit,Super produit,Utilise ce produit depuis Plus d'un an,5
Patrick,14/12/2022,Changer les coloris serait‚Ä¶,Changer les coloris serait n√©cessaire,Utilise ce produit depuis 7 √† 12 mois,4
Thomas,14/12/2022,sandales,tr√®s bien,Utilise ce produit depuis 2 √† 8 semaines,3
C√©cile,12/12/2022,"Bon rapport qualit√©-prix, confortable,‚Ä¶","Bon rapport qualit√©-prix, confortable, port√©es quotidiennement",Utilise ce produit depuis 3 √† 6 mois,5
Alain,10/12/2022,beurk,"ce bas de gamme est une honte et ne devrait pas exister, Decathlon me l'a rembours√© sans probl√®me, et je les en remercie.",Utilise ce produit depuis 3 √† 6 mois,1
Michel,09/12/2022,Gamme moyenne mais suffisant‚Ä¶,Gamme moyenne mais suffisant pour petite balade,Utilise ce produit depuis 3 √† 6 mois,3
Marie Therese,09/12/2022,excellent produit,excellent produit,Utilise ce produit depuis 3 √† 6 mois,5
Jean Loic,09/12/2022,"Sandale type ""loisirs""","Appropri√©e pour usage loisirs simples, pas pour usage intensif",Utilise ce produit depuis 3 √† 6 mois,4
V√©ronique,09/12/2022,Bon rapport qualit√© prix,"Bon rapport qualit√© prix. 
Bonnes chaussures pour petites balades l'√©t√©.",Utilise ce produit depuis 3 √† 6 mois,5
Jean,06/12/2022,SANDALES DE RANDONN√âE -,"sandales utilis√©es tout l'√©t√© , tr√®s confortable et bon amorti quel que soit le lieu .
RAS",Utilise ce produit depuis 7 √† 12 mois,5
Laurence,06/12/2022,ras,ras,Utilise ce produit depuis 3 √† 6 mois,4
fran√ßois-luc,04/12/2022,Je me sers de‚Ä¶,"Je me sers de ces sandales pour me d√©placer dans ma maison exclusivement. Bien plus pratique et moins risqu√© que des chaussons glissants!! Pour l'usage que j'en ai, c'est un excellent achat !",Utilise ce produit depuis 3 √† 6 mois,4
Jean-Claude,30/11/2022,Pas mal pour de‚Ä¶,Pas mal pour de petites balades,Utilise ce produit depuis 3 √† 6 mois,4
Pierre,29/11/2022,Choix par d√É¬©faut de√¢‚Ç¨¬¶,"Choix par d√É¬©faut de trouver mieux, donc pas d√É¬©√É¬ßu, mais pas emball√É¬© quand m√É¬™me.",Utilise ce produit depuis 3 √É¬† 6 mois,2
Micheline,28/11/2022,TRES BIEN FACILE A√¢‚Ç¨¬¶,TRES BIEN FACILE A ENFILLER,Utilise ce produit depuis 7 √É¬† 12 mois,4
Delphine,28/11/2022,sandales achet√É¬©es pour bricoler√¢‚Ç¨¬¶,"sandales achet√É¬©es pour bricoler l'√É¬©t√É¬© √É¬† la maison, elles ne seraient s√É¬ªrement pas assez confortables pour faire de la randonn√É¬©e pendant plusieurs heures",Utilise ce produit depuis 3 √É¬† 6 mois,4
Yves,28/11/2022,Bien pour marcher,Bien pour marcher,Utilise ce produit depuis 3 √É¬† 6 mois,5
Gerard,26/11/2022,bien,bien,Utilise ce produit depuis Plus de 2 ans,5
Philippe,26/11/2022,Agr√É¬©able,Agr√É¬©able,Utilise ce produit depuis 3 √É¬† 6 mois,5
Alain,23/11/2022,Confortable √É¬† recommander,Confortable √É¬† recommander,Utilise ce produit depuis 3 √É¬† 6 mois,4
Fran√É¬ßois,21/11/2022,Un produit d√É¬©cathlon qui√¢‚Ç¨¬¶,"Un produit d√É¬©cathlon qui se rep√É¬®re de loin. On y est sensible ou pas !
Je les ai beaucoup port√É¬© cet √É¬©t√É¬©, sur sol sec, dans l'eau, ... rien ne s'est d√É¬©coll√É¬©, ab√É¬Æm√É¬©. Elle feront encore leur (bon) usage l'ann√É¬©e prochaine sans soucis. Les pr√É¬©c√É¬©dentes (D√É¬©cathlon aussi) ont dur√É¬© 6 ans, je reste optimiste si la politique endurance n'a pas chang√É¬©.",Utilise ce produit depuis 3 √É¬† 6 mois,4
Gilles,12/11/2022,Tres bien' mais laides√¢‚Ç¨¬¶,Tres bien' mais laides ƒü≈∏Àú‚Äû,Utilise ce produit depuis 3 √É¬† 6 mois,4
Thierry,09/11/2022,Sandales,Tr√É¬®s bien pour aller √É¬† la plage ou faire de petites sorties √É¬† pieds. Taille bien et tr√É¬®s bon maintient.,Utilise ce produit depuis 2 √É¬† 8 semaines,5
Saoudi,08/11/2022,OK merci,OK merci,Utilise ce produit depuis 3 √† 6 mois,5
Xavier,06/11/2022,Ok,Ok,Utilise ce produit depuis 3 √† 6 mois,4
Tania,05/11/2022,bien,une semelle plus confortable serait bienvenue,Utilise ce produit depuis 3 √† 6 mois,5
Didier,03/11/2022,tr√®s bon rapport qualit√©‚Ä¶,tr√®s bon rapport qualit√© /prix,Utilise ce produit depuis 2 √† 8 semaines,5
Patrick,02/11/2022,sandales tr√®s l√©g√®res,"Pratiques et confortables, ces sandales sont utiles en plein √©t√© et leur prix est tr√®s abordable",Utilise ce produit depuis 3 √† 6 mois,4
Jean.s√©bastien,01/11/2022,"Un classique, le rev√™tement‚Ä¶","Un classique, le rev√™tement en contact avec la plante du pied est particuli√®rement confortable pour une sandale d entr√©e de gamme, je les ai en trois exemplaires !",Utilise ce produit depuis 3 √† 6 mois,5
Carlos,31/10/2022,Produit qualit√© prix top,Produit qualit√© prix top,Utilise ce produit depuis 2 √† 8 semaines,4
Luc,31/10/2022,"Pas ch√®re, facile √†‚Ä¶","Pas ch√®re, facile √† mettre. R√©sistante.",Utilise ce produit depuis 3 √† 6 mois,5
Jean Pierre,25/10/2022,Excellent,Excellent,Utilise ce produit depuis 3 √† 6 mois,5
Sandra,23/10/2022,Ces sandales sont agr√©ables‚Ä¶,"Ces sandales sont agr√©ables √† porter mais pendant de longues marches, avec la transpiration, le pied a tendance √† glisser sur la semelle int√©rieur. Une semelle absorbante serait appr√©ciable.",Utilise ce produit depuis 3 √† 6 mois,3
Guillaume,23/10/2022,Tr√®s bien,Tr√®s bien,Utilise ce produit depuis 2 √† 8 semaines,5
Michael,20/10/2022,Vraiment tr√®s confortable pour‚Ä¶,Vraiment tr√®s confortable pour marcher,Utilise ce produit depuis 3 √† 6 mois,5
Jean Pierre,18/10/2022,Tr√®s bien pour marcher‚Ä¶,Tr√®s bien pour marcher sur les sentiers du littoral sur de courtes distances,Utilise ce produit depuis 3 √† 6 mois,4
Camille,17/10/2022,Bon produit conforme √†‚Ä¶,Bon produit conforme √† ce que je voulais,Utilise ce produit depuis 2 √† 8 semaines,4
Philippe,16/10/2022,Tr√®s bien pour petite‚Ä¶,Tr√®s bien pour petite randonn√©e √† la journ√©e par beau temps..,Utilise ce produit depuis 2 √† 8 semaines,5
Michel,16/10/2022,"Bonjour, mat√©riel qui correspond‚Ä¶","Bonjour, mat√©riel qui correspond tr√®s bien √† la gamme. Les lani√®res sont larges et maintiennent bien le pied. Les scratchs sont bien proportionn√©s pas trop larges pour ne pas blesse  pied et avoir une tr√®s bonne accroche et pas fins comme on peut le voir sur certains mod√®les qui ne tiennent plus aux pieds en peu de temps. L'arri√®re de la chaussure est d'une pi√®ce ce qui renforce sa solidit√© et sa stabilit√©.
Peut √™tre utilis√© en milieux humide pourvu de bien les faire s√©cher ensuite.
L'amorti reste suffisant pour une utilisation mod√©r√©e sur terrain pas trop rugueux (gros gravier par exemple). Attention au poids de l'occupant de ces sandales, tassement de la semelle √† tr√®s moyen terme. Chaussure confortable dans son ensemble. Le rapport qualit√© prix est respect√©.",Utilise ce produit depuis 2 √† 8 semaines,4
Raphael,15/10/2022,chaussure,pratique,Utilise ce produit depuis 3 √† 6 mois,5
Herve,14/10/2022,Bon rapport qualit√© prix.,Bon rapport qualit√© prix.,Utilise ce produit depuis 2 √† 8 semaines,5
Gerard,14/10/2022,bien,bien,Utilise ce produit depuis 2 √† 8 semaines,4
Fr√©d√©ric,13/10/2022,bon produit,bon produit,Utilise ce produit depuis 3 √† 6 mois,4
Eric,13/10/2022,L√©g√®ret√© pour l'√©t√©,Tr√®s agr√©ables et l√©g√®res √† porter. Bonne semelle r√©sistante. R√©glage des sangles simple et efficace.,Utilise ce produit depuis Plus d'un an,5
Patrick,11/10/2022,Tiens bien,Tiens bien,Utilise ce produit depuis 3 √† 6 mois,5
Patricia,11/10/2022,Tr√®s confortable et de‚Ä¶,Tr√®s confortable et de bonne qualit√©,Utilise ce produit depuis 1 semaine ou moins,5
Patricia,10/10/2022,Tr√®s bon produit l√©ger‚Ä¶,Tr√®s bon produit l√©ger et confortable,Utilise ce produit depuis 3 √† 6 mois,5
Christine,08/10/2022,on est bien dans‚Ä¶,"on est bien dans ces sandales, bonne adh√©rence, bon amorti, le pied est bien tenu. bon produit.",Utilise ce produit depuis 2 √† 8 semaines,5
Francine,05/10/2022,Satisfaite,Satisfaite,Utilise ce produit depuis 2 √† 8 semaines,5
Vincent,05/10/2022,Les lani√®res sont trop‚Ä¶,"Les lani√®res sont trop √©troites, donc inconfortables. Elle pourraient √™tre un peu plus longues pour un meilleur grip sur le velcro. Les semelles sont minimalistes.",Utilise ce produit depuis 3 √† 6 mois,5
Christian,05/10/2022,Une chaussure juste pour‚Ä¶,"Une chaussure juste pour l'√©t√©, tous les jours, confortable et a un prix tr√®s contenu.
A ce prix l√†, je change tous les ans!",Utilise ce produit depuis 2 √† 8 semaines,4
MARC,05/10/2022,pratique,pratique,Utilise ce produit depuis 2 √† 8 semaines,5
Moh,05/10/2022,"fait bien le job,‚Ä¶","fait bien le job, pour le prix vraiment pas mal, l'amorti un peu faible, une semelle plus l√©g√®rement plus √©paisse et amortissante, ce serait pas mal",Utilise ce produit depuis 3 √† 6 mois,5
Pascal,04/10/2022,tr√®s bon produit.,tr√®s bon produit.,Utilise ce produit depuis 2 √† 8 semaines,5
Johnsan,02/10/2022,Bon0,Bon0,Utilise ce produit depuis 2 √† 8 semaines,4
Christophe,02/10/2022,Parfait,Parfait,Utilise ce produit depuis 2 √† 8 semaines,5
Claudine,01/10/2022,Tr√®s Bien pour la‚Ä¶,Tr√®s Bien pour la detente,Utilise ce produit depuis 2 √† 8 semaines,5
Virginie,01/10/2022,Ras nikel,Ras nikel,Utilise ce produit depuis 2 √† 8 semaines,5
Anne-Marie,29/09/2022,Rapport qualit√© prix parfait,Rapport qualit√© prix parfait,Utilise ce produit depuis 2 √† 8 semaines,5
Francine,29/09/2022,Bon rapport qualit√© prix.‚Ä¶,Bon rapport qualit√© prix. Dommage que le 42 n existe pas version femme,Utilise ce produit depuis 2 √† 8 semaines,4
Sophie,28/09/2022,Bon produit rapport qualit√©‚Ä¶,Bon produit rapport qualit√© prix,Utilise ce produit depuis 3 √† 6 mois,5
Sylvie,28/09/2022,Agr√©able pour promenades tranquilles‚Ä¶,Agr√©able pour promenades tranquilles en √©t√©,Utilise ce produit depuis 3 √† 6 mois,4
Sebastien,27/09/2022,Cool,Cool,Utilise ce produit depuis 3 √† 6 mois,5
Ed,27/09/2022,Enfin une bonne couleur,"J'ai port√© ce modele de sandales depuis 6 ans, sauf quand il fait froid.  Confortable (esp avec hallus valgus), bonne protection pour les doigts, r√©sistant, pas cher.  Enfin disponible en bonne couleur.",Utilise ce produit depuis 2 √† 8 semaines,5
Francis,27/09/2022,"bon produit , bon‚Ä¶","bon produit , bon maintien . fond pas mal au pieds",Utilise ce produit depuis 2 √† 8 semaines,5
Jean Yves,26/09/2022,Chaussures de bonne qualit√©,Chaussures de bonne qualit√©,Utilise ce produit depuis 2 √† 8 semaines,5
Christine,26/09/2022,utilis√© √† domicile,utilis√© √† domicile,Utilise ce produit depuis 2 √† 8 semaines,4
Eric,24/09/2022,Pour une saison estivale‚Ä¶,Pour une saison estivale √ßa va,Utilise ce produit depuis 2 √† 8 semaines,4
Chafikah,24/09/2022,Bon maintien,Bon maintien,Utilise ce produit depuis 2 √† 8 semaines,5
MARIE FRANCE,24/09/2022,Merci √† mes sandales.‚Ä¶,"Merci √† mes sandales. Avec un doigt de pied cass√© 3 jours avant de partir en vacances pour faire de la marche , impossible de mettre de chaussure.
On m'a conseill√© ces sandales , gr√¢ce aux scratchs j'ai pu poser mon pied sur la sandale,
Scratcher sans trop serrer et j'ai pu marcher sans probl√®mes.",Utilise ce produit depuis 2 √† 8 semaines,5
G√©rard,23/09/2022,Bonne protection des doigts‚Ä¶,Bonne protection des doigts de pieds.,Utilise ce produit depuis 2 √† 8 semaines,4
Jean Louis,23/09/2022,Prix convenable.,Prix convenable.,Utilise ce produit depuis 2 √† 8 semaines,5
Khaled,22/09/2022,Difficile √† chausser et‚Ä¶,"Difficile √† chausser et ne maintien pas bien le pied, pas confortable",Utilise ce produit depuis 2 √† 8 semaines,1
Pascal,22/09/2022,Sur une journ√©e de‚Ä¶,"Sur une journ√©e de 12 km , J ai eu un √©chauffement au niveau du pouce droite √† force de frotter,  mais cela n a pas recommencer sur les autres marches",Utilise ce produit depuis 2 √† 8 semaines,4
Gaelle,21/09/2022,Tr√®s  bon produit,Tr√®s  bon produit,Utilise ce produit depuis 2 √† 8 semaines,4
Aurelie,21/09/2022,excellente pour sont prix‚Ä¶,excellente pour sont prix tr√®s bon rapport qualit√© prix,Utilise ce produit depuis 2 √† 8 semaines,4
Jean-Pierre,20/09/2022,Tr√®s agr√©able √† porter‚Ä¶,"Tr√®s agr√©able √† porter 
J'ai fait aussi de v√©lo sans probl√®me",Utilise ce produit depuis 2 √† 8 semaines,4
Noel,20/09/2022,sans commentaire,sans commentaire,Utilise ce produit depuis 2 √† 8 semaines,4
Paul,20/09/2022,Super!,Super!,Utilise ce produit depuis 2 √† 8 semaines,5
Gerard,19/09/2022,tr√®s bon produit,tr√®s bon produit,Utilise ce produit depuis 2 √† 8 semaines,5
Serge,19/09/2022,bonne qualit√©,bon produit ...donne beaucoup de transpiration dous les pieds...,Utilise ce produit depuis 2 √† 8 semaines,4
Laurent,18/09/2022,Produit un peu basique,Produit un peu basique,Utilise ce produit depuis 2 √† 8 semaines,4
Fatoumata,18/09/2022,Bon rapport qualit√© prix,Bon rapport qualit√© prix,Utilise ce produit depuis 3 √† 6 mois,4
Marc,18/09/2022,Super,Super,Utilise ce produit depuis 3 √† 6 mois,5
Olivier,16/09/2022,je ne suis pas‚Ä¶,"je ne suis pas habitu√© aux sandales mais c'est vrai que c'est plus secure √† v√©lo pour aller √† la plage que des tongs par exemple.
Pour le prix, comme souvent avec decathlon, elles sont imbattables. Par contre la mati√®re donne quand m√™me chaud et g√©n√®re une odeur assez d√©sagr√©able (jur√©, d'habitude je ne sens pas des pieds!).",Utilise ce produit depuis 2 √† 8 semaines,4
Michel,16/09/2022,super l√©g√®re,super l√©g√®re,Utilise ce produit depuis 3 √† 6 mois,4
Frederique,16/09/2022,Ras,Ras,Utilise ce produit depuis 2 √† 8 semaines,5
Dominique,14/09/2022,sandale de marche,"bonne sandale utilis√© tous l'√©t√©, beaucoup de marche et pas mal au pied, confortable",Utilise ce produit depuis 3 √† 6 mois,4
Laurence,13/09/2022,Bonne chaussure,Bonne chaussure,Utilise ce produit depuis 2 √† 8 semaines,5
Michael,09/09/2022,on est bien dedans,on est bien dedans,Utilise ce produit depuis 3 √† 6 mois,5
Patrick,09/09/2022,C'est ce que je‚Ä¶,C'est ce que je cherchais pour l'√©t√©,Utilise ce produit depuis 2 √† 8 semaines,5
Jean Luc,08/09/2022,Parfois un peu difficile‚Ä¶,Parfois un peu difficile √† r√©gler. Relativement confortable,Utilise ce produit depuis 2 √† 8 semaines,3
Jose,08/09/2022,Bien,Bien,Utilise ce produit depuis 2 √† 8 semaines,4
Jean-Philippe,08/09/2022,article conforme √† la‚Ä¶,article conforme √† la description,Utilise ce produit depuis 2 √† 8 semaines,5
S√©bastien,07/09/2022,"Tr√®s bon produit, l√©ger‚Ä¶","Tr√®s bon produit, l√©ger et souple",Utilise ce produit depuis 2 √† 8 semaines,5
Didier,05/09/2022,Bien,Bien,Utilise ce produit depuis 2 √† 8 semaines,4
Sandrine,05/09/2022,"Bonnes chaussures, confortables, amorties‚Ä¶","Bonnes chaussures, confortables, amorties les chocs. Bon prix",Utilise ce produit depuis 2 √† 8 semaines,5
Michel,05/09/2022,Article conforme aux esp√©rances.‚Ä¶,Article conforme aux esp√©rances. Pas de transpiration ni d'ampoules. Bon produit.,Utilise ce produit depuis 2 √† 8 semaines,5
Vincent,04/09/2022,Plut√¥t bien pour le‚Ä¶,Plut√¥t bien pour le prix!!,Utilise ce produit depuis 2 √† 8 semaines,4
Philippe,03/09/2022,Tr√®s utile et bonne‚Ä¶,Tr√®s utile et bonne solidit√© pour un prix tr√®s abordable,Utilise ce produit depuis 2 √† 8 semaines,5
Corinne,03/09/2022,Tr√®s bon produit adopt√©‚Ä¶,Tr√®s bon produit adopt√© pour mon ado,Utilise ce produit depuis 3 √† 6 mois,5
Sandrine,03/09/2022,Bonne chaussure et ouverture‚Ä¶,Bonne chaussure et ouverture totale tr√®s pratique,Utilise ce produit depuis 2 √† 8 semaines,5
Sebastien,02/09/2022,Rien a dire,Rien a dire,Utilise ce produit depuis 2 √† 8 semaines,4
Dominique,02/09/2022,Ras,Ras,Utilise ce produit depuis 2 √† 8 semaines,5
Alain,02/09/2022,Bonjour les lani√®res ‚Ä¶,Bonjour les lani√®res  mon brule le pied  au bout de 2 jour et j'ai  pas  fait  de randonn√©e  avec  j'ai  juste  marche normalement    elle  sont a ma taille  mon pied  ne bouge pas je vois  pas d'o√π  le probl√®me  vient  j'ai  pas pus  les remaitre,Utilise ce produit depuis Plus de 2 ans,2
Sami,02/09/2022,Bon produit pour un‚Ä¶,Bon produit pour un premier prix,Utilise ce produit depuis 2 √† 8 semaines,4
Francoise,02/09/2022,Produit basique parfait pour‚Ä¶,Produit basique parfait pour le loisir,Utilise ce produit depuis 1 semaine ou moins,5
Julien,01/09/2022,Bon produit.,Bon produit.,Utilise ce produit depuis 2 √† 8 semaines,5
Christele,01/09/2022,ce n'est vraiment pas‚Ä¶,ce n'est vraiment pas confortable,Utilise ce produit depuis 2 √† 8 semaines,2
Yannick,01/09/2022,Dommage pour l‚Äôhumidit√© sous‚Ä¶,Dommage pour l‚Äôhumidit√© sous le pied sinon tr√®s pratique,Utilise ce produit depuis 1 semaine ou moins,5
Brigitte,01/09/2022,Bon rapport qualit√© prix,Bon rapport qualit√© prix,Utilise ce produit depuis 1 semaine ou moins,5
MARIE CHRISTINE,01/09/2022,Bon rapport qualit√© prix,Bon rapport qualit√© prix,Utilise ce produit depuis 2 √† 8 semaines,4
MARIA,31/08/2022,Bon rapport qualit√©/prix,Bon rapport qualit√©/prix,Utilise ce produit depuis 2 √† 8 semaines,5
Barthelemy,31/08/2022,Produit fid√®le √† la‚Ä¶,Produit fid√®le √† la description.fait le job,Utilise ce produit depuis 1 semaine ou moins,5
M√©lanie,31/08/2022,Sandales agr√©able,"Bon maintien, agr√©able",Utilise ce produit depuis 2 √† 8 semaines,5
Natacha,30/08/2022,ras,ras,Utilise ce produit depuis 2 √† 8 semaines,5
Damien,30/08/2022,Super produit,Super produit,Utilise ce produit depuis 3 √† 6 mois,5
Thierry,30/08/2022,ras,ras,Utilise ce produit depuis 2 √† 8 semaines,4
Michele,30/08/2022,Pas tr√®s confortable en‚Ä¶,"Pas tr√®s confortable en d√©but d'utilisation. 
Lani√®re sup√©rieure mal situ√©e sur le coup de pied",Utilise ce produit depuis 2 √† 8 semaines,4
Eric,29/08/2022,Vraiment bien,"Ca fait trois ans que je les porte, tous les jours. Elles n'ont pas boug√©. Donc oui, elles sont vraiment tr√®s bien.",Utilise ce produit depuis Plus de 2 ans,4
Richard Jr,28/08/2022,Tr√®s bon rapport qualit√©‚Ä¶,Tr√®s bon rapport qualit√© / prix,Utilise ce produit depuis 1 semaine ou moins,4
Christophe,28/08/2022,Le bonheur quand il‚Ä¶,Le bonheur quand il fait chaud,Utilise ce produit depuis 2 √† 8 semaines,5
Jean Yves,28/08/2022,sandale  tr√®s confortable,sandale  tr√®s confortable,Utilise ce produit depuis 1 semaine ou moins,5
Gilles,28/08/2022,Tr√®s satisfait depuis plusieurs‚Ä¶,Tr√®s satisfait depuis plusieurs ann√©es j‚Äôach√®te ce produit,Utilise ce produit depuis 1 semaine ou moins,5
Emilie,28/08/2022,Super pour les petites‚Ä¶,"Super pour les petites balades, peut aussi √™tre pratique pour traverser des petits cours d eau.",Utilise ce produit depuis 2 √† 8 semaines,4
JEAN CLAUDE,28/08/2022,R A S,R A S,Utilise ce produit depuis 2 √† 8 semaines,4
Marie Paule,27/08/2022,rien de sp√©cial,rien de sp√©cial,Utilise ce produit depuis 2 √† 8 semaines,4
Freddy,27/08/2022,Top!,Top!,Utilise ce produit depuis 1 semaine ou moins,5
C√©line,27/08/2022,Il est bien avec‚Ä¶,"Il est bien avec ces nouvelles chaussures. Il n'est pas trop cerr√© dedans. Je lui ai pris une grande taille parce qu'actuellement, il a les pieds gonfl√©s.",Utilise ce produit depuis 1 semaine ou moins,5
LYDIE,27/08/2022,Trop rigide,Trop rigide,Utilise ce produit depuis 2 √† 8 semaines,3
Johnny,26/08/2022,Tr√®s bien,Tr√®s bien,Utilise ce produit depuis 1 semaine ou moins,5
Olivier,26/08/2022,Bon rapport qualit√©/prix,Bon rapport qualit√©/prix,Utilise ce produit depuis 2 √† 8 semaines,5
Philippe,26/08/2022,Bien dedans adh√©rence 7sur‚Ä¶,Bien dedans adh√©rence 7sur 10,Utilise ce produit depuis 2 √† 8 semaines,4
Emilie,26/08/2022,"confortable, l√©g√®re","confortable, l√©g√®re",Utilise ce produit depuis 2 √† 8 semaines,4
Kais,25/08/2022,Bonnes sandales pour l'√©t√©,"Elles sont plut√¥t jolies, faciles √† mettre et confortables. C'est un bon rapport qualit√© prix",Utilise ce produit depuis 2 √† 8 semaines,4
Simone,25/08/2022,J'aime pas les petites‚Ä¶,J'aime pas les petites bandes rouges : je les ai pass√©es au feutre noir,Utilise ce produit depuis 2 √† 8 semaines,4
Sylvain,25/08/2022,encore peu d'utilisation mais‚Ä¶,encore peu d'utilisation mais satisfait pour le moment,Utilise ce produit depuis 2 √† 8 semaines,4
Cyril,24/08/2022,Ras,Ras,Utilise ce produit depuis 2 √† 8 semaines,5
DORIS,24/08/2022,La sangle du dessus‚Ä¶,La sangle du dessus m'entaille le coup de pied .,Utilise ce produit depuis 2 √† 8 semaines,3
Patrick,24/08/2022,Excellent produit,Excellent produit,Utilise ce produit depuis 2 √† 8 semaines,5
Philippe,24/08/2022,bon rapport qualit√© /prix,bon rapport qualit√© /prix,Utilise ce produit depuis 2 √† 8 semaines,5
Ian,22/08/2022,"Tr√®s bien!
bon prix &‚Ä¶","Tr√®s bien!
bon prix & bonne qualit√©!
Merci",Utilise ce produit depuis 2 √† 8 semaines,4
Vincent,22/08/2022,Super pour le prix,Super pour le prix,Utilise ce produit depuis 2 √† 8 semaines,5
Isabelle,21/08/2022,Facile d'entretien (se lave‚Ä¶,Facile d'entretien (se lave √† l'eau lessive simplement),Utilise ce produit depuis 1 semaine ou moins,4
Eric,21/08/2022,Semelle trop fine,Semelle trop fine,Utilise ce produit depuis 2 √† 8 semaines,3
Mounir,21/08/2022,"Qualit√© prix.
Produit tr√®s pratique","Qualit√© prix.
Produit tr√®s pratique",Utilise ce produit depuis 2 √† 8 semaines,5
Rokiatou,20/08/2022,"Au top, mon mari‚Ä¶","Au top, mon mari les utilise depuis",Utilise ce produit depuis 7 √† 12 mois,5
Mehdi,20/08/2022,Mon fils en est‚Ä¶,Mon fils en est content promenade √† la plage et petite balade,Utilise ce produit depuis 2 √† 8 semaines,4
Jean Louis,20/08/2022,Tr√®s bien top,Tr√®s bien top,Utilise ce produit depuis 1 semaine ou moins,5
VERONIQUE,20/08/2022,Tr√®s bien,Tr√®s bien,Utilise ce produit depuis 2 √† 8 semaines,5
Genevi√®ve,20/08/2022,Une chose me g√®ne‚Ä¶,"Une chose me g√®ne pourtant, lorsque je les porte longtemps, mes pieds noircissent.",Utilise ce produit depuis 2 √† 8 semaines,4
Jean Marc,20/08/2022,Parfait continuez !,Parfait continuez !,Utilise ce produit depuis 1 semaine ou moins,5
Fabrice,20/08/2022,achet√© pour le passage‚Ä¶,achet√© pour le passage de guets lors d un trek en himalaya.  Elles m'ont bien servi  lors de fortes pluies de mousson durant mon passage √† Rishikesh,Utilise ce produit depuis 2 √† 8 semaines,4
Regis,19/08/2022,plut√¥t confortable pour un‚Ä¶,plut√¥t confortable pour un entr√©e de gamme.,Utilise ce produit depuis 1 semaine ou moins,4
Martine,19/08/2022,Impec bon rapport qualit√©‚Ä¶,Impec bon rapport qualit√© prix ! J‚Äôen ach√®te tous les ans version homme et femmes,Utilise ce produit depuis 2 √† 8 semaines,5
Michel,19/08/2022,la taille ne correspond‚Ä¶,la taille ne correspond pas dutout,Utilise ce produit depuis 2 √† 8 semaines,2
Philippe,19/08/2022,C'est la deuxi√®me paire‚Ä¶,C'est la deuxi√®me paire que j'ach√®te üëç,Utilise ce produit depuis 2 √† 8 semaines,4
Damien,18/08/2022,Bien confortable et pour‚Ä¶,Bien confortable et pour un prix tr√®s doux.,Utilise ce produit depuis 3 √† 6 mois,5
Jean Francois,18/08/2022,Aucun,Aucun,Utilise ce produit depuis 1 semaine ou moins,4
Stephane,18/08/2022,√áa fera l ‚Ä¶,√áa fera l  affaire pour la fin de l √©t√©...,Utilise ce produit depuis 1 semaine ou moins,3
Arlette,18/08/2022,Je recommande ce produit,Je recommande ce produit,Utilise ce produit depuis 1 semaine ou moins,4
Gilles,17/08/2022,Comfortable et l√©ger,Comfortable et l√©ger,Utilise ce produit depuis 2 √† 8 semaines,4
Catherine,17/08/2022,Tres bonne sandale qui‚Ä¶,Tres bonne sandale qui maintient tr√®s bien le pied et joli esth√©tique,Utilise ce produit depuis 2 √† 8 semaines,5
Senay,17/08/2022,Top,Top,Utilise ce produit depuis 1 semaine ou moins,5
Jean Claude,17/08/2022,super,super,Utilise ce produit depuis 2 √† 8 semaines,4
Patrick,17/08/2022,Pratique pour petites randonn√©es‚Ä¶,Pratique pour petites randonn√©es d'√©t√© et marche urbaine,Utilise ce produit depuis 2 √† 8 semaines,5
Antoine,16/08/2022,Bon produit. Il manque‚Ä¶,Bon produit. Il manque un peu de longueur √† la protection sous le velcro de serrage de la cheville.,Utilise ce produit depuis 2 √† 8 semaines,5
Jeremy,16/08/2022,Excellent rapport qualit√© prix,De bonne facture et tr√®s confortable. Je ne suis pas d√©√ßu de cet achat,Utilise ce produit depuis 2 √† 8 semaines,5
Amandine,16/08/2022,Sandales,Un peu grand,Utilise ce produit depuis 1 semaine ou moins,4
Alain,16/08/2022,tres bon produit,tres bon produit,Utilise ce produit depuis 2 √† 8 semaines,4
Catherine,15/08/2022,Parfait,Parfait,Utilise ce produit depuis 2 √† 8 semaines,5
Isabelle,15/08/2022,Tb,Tb,Utilise ce produit depuis 2 √† 8 semaines,5
Marie France,14/08/2022,ras,ras,Utilise ce produit depuis 1 semaine ou moins,4
