cust_name,id,review_date,review_title,review_description,range_used,review_score
Ouioui,0,2023-02-20,Tres bon article,Merci Decathlon,Utilise ce produit depuis 2 √† 8 semaines,5
Khalid,1,2023-04-01,Le prix,399dh c'est le juste prix. Pas moyen que quelqu'un l'ach√®te pour plus que √ßa.,Utilise ce produit depuis 2 √† 8 semaines,3
Mohamed,2,2022-12-12,beatiful product,very useful product with good quality i advice you to buy it ‚ô•Ô∏è‚ù§Ô∏è,Utilise ce produit depuis 1 semaine ou moins,5
Hatim,4,2022-01-12,Bien,Bien,Utilise ce produit depuis 1 semaine ou moins,5
Abdelaziz,5,2022-11-18,tres bon article,tres bon article,Utilise ce produit depuis 1 semaine ou moins,5
Brahim,6,2022-11-18,Lahrach,Bon Qualit√©,Utilise ce produit depuis 2 √† 8 semaines,3
Adam,7,2022-09-11,ok,ok,Utilise ce produit depuis 1 semaine ou moins,5
Zakariae,8,2022-01-10,Wonderful,It's soooo good comparing to it price,Utilise ce produit depuis 2 √† 8 semaines,5
Yassir,9,2022-09-24,Gg,üëç,Utilise ce produit depuis 2 √† 8 semaines,5
Raymond -,10,2023-05-25,"Excellent mat√©riel, je le‚Ä¶","Excellent mat√©riel, je le recommande vivement.",Utilise ce produit depuis 2 √† 8 semaines,5
Anne-Laure,11,2023-05-23,Bon pack,"Bon pack, tr√®s pratique et polyvalent. Seul probl√®me il manque des petits poids de 0,5kg",Utilise ce produit depuis 3 √† 6 mois,4
Laurie,12,2023-05-22,Tr√®s bon rapport qualit√©/prix pour ce produit !,Tr√®s bon rapport qualit√©/prix pour ce produit ! Je suis ravie d'avoir investi et je le recommande √† tout d√©butant en musculation !,Utilise ce produit depuis 2 √† 8 semaines,5
HUBERT,13,2023-05-17,TVB RAS,TVB RAS,Utilise ce produit depuis 1 semaine ou moins,5
Bruno,14,2023-05-15,"Mallette compl√®te, bon rapport‚Ä¶","Mallette compl√®te, bon rapport qualit√© prix",Utilise ce produit depuis 1 semaine ou moins,5
Dolores,15,2023-05-14,Bien,Bien,Utilise ce produit depuis 7 √† 12 mois,5
Vincent,16,2023-05-14,Malette tr√®s pratique et‚Ä¶,"Malette tr√®s pratique et modulable 
Tout est parfait",Utilise ce produit depuis 3 √† 6 mois,5
Amelie,17,2023-05-13,Il manque des poids‚Ä¶,Il manque des poids de 500g je trouve,Utilise ce produit depuis 2 √† 8 semaines,4
Estelle,18,2023-05-13,Convient  mes attentes,Convient  mes attentes,Utilise ce produit depuis 3 √† 6 mois,5
Audrey,19,2023-11-05,Fait le job,"La prise en main est bonne.
Possibilit√© de faire des poids de 4,6,8 et 10kg
Je vais me racheter des poids des 0,5kg et 5kg pour avoir un meilleur panel.

Penser √† bien serrer les vices fort sinon elles peuvent se desserrer",Utilise ce produit depuis 2 √† 8 semaines,4
Christophe,20,2023-09-05,Super,Super,Utilise ce produit depuis 7 √† 12 mois,5
Yannick,21,2023-05-05,Bon produit,Bon produit,Utilise ce produit depuis 1 semaine ou moins,4
Patrick,22,2023-03-05,Parfait pour reprendre le‚Ä¶,Parfait pour reprendre le renforcement musculaire,Utilise ce produit depuis 1 semaine ou moins,5
Jean Paul,23,2023-01-05,"Je conseille ses alt√®res,‚Ä¶","Je conseille ses alt√®res, excellentes",Utilise ce produit depuis 2 √† 8 semaines,5
Dani√®le,24,2023-04-30,Id√©al pour d√©buter,C'est un tr√®s bon kit pour commencer la musculation √† la maison,Utilise ce produit depuis Plus d'un an,5
Franck,25,2023-04-30,Fort utile et facilement‚Ä¶,"Fort utile et facilement transportable. Je peux m'en servir tr√®s r√©guli√®rement. Donc parfait et en plus, on peut facilement le compl√©ter",Utilise ce produit depuis 7 √† 12 mois,5
S√©bastien,26,2023-04-30,Les fixations de barre‚Ä¶,"Les fixations de barre ont tendance √† se d√©visser seules, il faut penser de temps en temps √† resserrer mais sinon c'est un bon produit",Utilise ce produit depuis 3 √† 6 mois,5
Michel,27,2023-04-29,Achet√© pour une remise‚Ä¶,"Achet√© pour une remise en forme, j'aimerais avoir des conseils pour la meilleure utilisation de ce produit.",Utilise ce produit depuis 2 √† 8 semaines,4
Manass√©,28,2023-04-29,Un avis vraiment personnel‚Ä¶,Un avis vraiment personnel mais j'ai rendu le kit au magasin car il ne correspondait pas √† mes attentes. Mat√©riel de bonne qualit√© n√©anmoins.,Utilise ce produit depuis 1 semaine ou moins,5
Lou-Solenn,29,2023-04-28,Bon article,Il s'agit d'un tr√®s bon produit qui semble durable dans le temps. Je ne mets cependant pas la note maximale car la bo√Æte n'a pas √©t√© bien pens√©e. Il n'y a rien qui permet de maintenir les poids ou les barres dans leur bo√Æte donc j'ai d√ª mettre du scotch car impossible de refermer la bo√Æte sans que les poids ou les barres ne tombent ...,Utilise ce produit depuis 1 semaine ou moins,4
Gr√©goire,30,2023-04-26,Produit facile d‚Äôutilisation et‚Ä¶,Produit facile d‚Äôutilisation et pratique √† transporter dans sa mallette,Utilise ce produit depuis 2 √† 8 semaines,5
alain,31,2023-04-24,rapport qualit√© / prix‚Ä¶,rapport qualit√© / prix correcte.,Utilise ce produit depuis 1 semaine ou moins,5
Yann,32,2023-04-24,Tr√®s bon set mais‚Ä¶,"Tr√®s bon set mais j‚Äôaurais aim√© deux poids de 500gr.
Permettant une meilleure transition dans l‚Äô√©volution pour ma fille",Utilise ce produit depuis 2 √† 8 semaines,4
Philippe,33,2023-04-23,parfait. robuste,parfait. robuste,Utilise ce produit depuis 2 √† 8 semaines,5
Marion,34,2023-04-22,"Produit conforme, parfait pour‚Ä¶","Produit conforme, parfait pour une utilisation √† la maison.",Utilise ce produit depuis 2 √† 8 semaines,5
Sonia,35,2023-04-22,Bon rapport qualit√© prix.,Bon rapport qualit√© prix.,Utilise ce produit depuis 2 √† 8 semaines,5
Michel,36,2023-04-16,Kit parfait pour se‚Ä¶,"Kit parfait pour se refaire les muscles, plusieurs combinaisons possibles avec ce coffret. 
Attention, je pense que le syst√®me de charni√®res est fragile et risque de casser dans le temps surtout si ce dernier reste expos√© aux rayons solaires ou lunaires.
C'est le seul point n√©gatif que je peux reprocher. 
Les √©crous √† pas carr√© sont tr√®s bien, bien usin√©s et ne se d√©ss√®rent pas s'ils sont bien bloqu√©s au montage .
Les barres sont tr√®s bien et ne glissent pas dans les mains.",Utilise ce produit depuis 2 √† 8 semaines,5
J√©r√¥me,37,2023-04-16,Impeccable :yes:,Impeccable üëç,Utilise ce produit depuis 2 √† 8 semaines,5
Stephane,38,2023-04-15,La malette est pratique‚Ä¶,La malette est pratique mais le plastique n‚Äôest pas tr√®s endurant notamment pour maintenir les articles,Utilise ce produit depuis 2 √† 8 semaines,4
Stephanie,39,2023-04-15,Top,Le bonheur de mon fils,Utilise ce produit depuis 3 √† 6 mois,5
Sandrine,40,2023-04-13,bon rapport qualit√© prix,bon rapport qualit√© prix,Utilise ce produit depuis 2 √† 8 semaines,4
Natacha,41,2023-12-04,Malette abim√©e = pas de fermeture,"Je viens de recevoir le produit : la mallette est abim√©e... Une des deux parties qui fait pression pour la fermer est manquant. Il √©tait tout au fond du carton en morceaux. Je suis tr√®s d√©√ßue, au vu du prix et ayant achet√© ce kit sp√©cialement pour pouvoir ranger et transporter le mat√©riel sans soucis... L√†, la mallette ne reste pas ferm√©e.",Utilise ce produit depuis 1 semaine ou moins,3
Pierre,42,2023-12-04,Bien pour d√©buter,"Ce kit est parfait pour d√©buter la musculation ou pour quelques exercices ponctuellement. Le syst√®me de serrage n'est toutefois pas optimal, le changement de poids n√©cessitant beaucoup de manipulations.",Utilise ce produit depuis 3 √† 6 mois,4
Alain,43,2023-04-04,C'est exatement ce que‚Ä¶,C'est exatement ce que je d√©sirer,Utilise ce produit depuis 1 semaine ou moins,5
Philippe,44,2023-04-04,"Bon produit, facile d'utilisation‚Ä¶","Bon produit, facile d'utilisation et pratique √† ranger.",Utilise ce produit depuis 2 √† 8 semaines,5
Estelle,45,2023-04-04,Kit complet pour d√©buter,Kit de poids complet pour d√©buter la musculation,Utilise ce produit depuis 7 √† 12 mois,5
thierry,46,2023-03-04,fermeture de la malette‚Ä¶,fermeture de la malette abime,Utilise ce produit depuis 2 √† 8 semaines,1
Francois Audrey,47,2023-03-04,Ras,Ras,Utilise ce produit depuis 1 semaine ou moins,5
Fran√ßois,48,2023-03-31,Qualit√© √† revoir,"Poids ayant un bon rapport qualit√© prix.
La qualit√© des peintures n'est pas grandiose mais est ce n√©cessaire ?
Il manque un joint sur un des √©crous, je vais retourner au magasin le r√©clamer. La bo√Æte √©tait pourtant scell√©e. Le contr√¥le qualit√© est donc √† revoir.",Utilise ce produit depuis 1 semaine ou moins,4
Lucien,49,2023-03-26,Prenez la livraison !!,"Bonjour j‚Äôai achet√© ce pack ce matin et le d√©cathlon ou je l‚Äôai achet√© √©tait plut√¥t loin de chez moi, et j‚Äôai √©norm√©ment gal√©rais √† le ramener chez moi( j‚Äôai pris les transports ) . Je vous conseille donc de le remmener en voiture ou bien prendre la livraison.
Je n‚Äôai pas encore fais d‚Äôentra√Ænement avec le contenu de la mallette, ne prenaient donc pas en compte les avis que j‚Äôai mis dessus",Utilise ce produit depuis 1 semaine ou moins,4
astrid,50,2023-03-25,Parfait,Parfait,Utilise ce produit depuis 1 semaine ou moins,5
Arnaud,51,2023-03-23,Ras,Ras,Utilise ce produit depuis 3 √† 6 mois,5
Cynthia,52,2023-03-23,Super produit,Super produit,Utilise ce produit depuis 2 √† 8 semaines,5
Lucien,53,2023-03-22,Mat√©riel modulable tr√®s efficace,Mat√©riel modulable tr√®s efficace,Utilise ce produit depuis 2 √† 8 semaines,5
Patrick,54,2023-03-22,"Pas de probl√®me ,‚Ä¶","Pas de probl√®me , je recommande",Utilise ce produit depuis 2 √† 8 semaines,4
Bruno,55,2023-03-21,"M√™me NEUF, le jour‚Ä¶","M√™me NEUF, le jour du d√©ballage, l'√©crou avait du mal √† se visser et faisait un bruit d'enfer TR√àS D√âSAGR√âABLE AUX OREILLES... Je vais peut-√™tre le ramener au magasin...",Utilise ce produit depuis 2 √† 8 semaines,4
Didier,56,2023-03-21,Tr√®s content de mon‚Ä¶,Tr√®s content de mon achat.,Utilise ce produit depuis 2 √† 8 semaines,5
Ingrid,57,2023-03-20,mon fils les utilise‚Ä¶,mon fils les utilise et il en est content,Utilise ce produit depuis 2 √† 8 semaines,4
Jules,58,2023-03-20,Fid√®le aux attentes,Fid√®le aux attentes,Utilise ce produit depuis 2 √† 8 semaines,4
Germaine,59,2023-03-17,Tr√®s bon produit,Tr√®s bon produit,Utilise ce produit depuis 2 √† 8 semaines,5
Marie,60,2023-12-03,Coffret qui permet de‚Ä¶,Coffret qui permet de commencer sans gros budget. Impeccable,Utilise ce produit depuis 1 semaine ou moins,5
Jeanne,61,2023-10-03,C‚Äôest pas cher et‚Ä¶,C‚Äôest pas cher et tr√®s utile pour la musculation √† la maison. Et la palette tr√®s pratique pour le rangement,Utilise ce produit depuis 1 semaine ou moins,5
Olivia,62,2023-10-03,contenu pas conforme au descriptif,"Le coffret n'est pas de 20kg mais 18kg, il n'y a pas 8 x 1kg comme indiqu√© mais si 6 x 1kg !! Du coup on ne peut pas mettre la m√™me charge 'compl√®te' sur les 2 alt√®res, il va nous rester 2x1kg qui vont servir a rien si on veut utiliser les 2 alt√®res en m√™me temps!",Utilise ce produit depuis 1 semaine ou moins,1
Joelle,63,2023-09-03,partfait dans sa malette,partfait dans sa malette,Utilise ce produit depuis 1 semaine ou moins,5
Ben Yassini Mbae,64,2023-06-03,Je suis tr√®s heureux‚Ä¶,Je suis tr√®s heureux avoir achet√© cette produit,Utilise ce produit depuis 1 semaine ou moins,4
Elodie,65,2023-03-03,A voir avec le‚Ä¶,A voir avec le temps et l'utilisation,Utilise ce produit depuis 2 √† 8 semaines,5
Claudia,66,2023-02-03,Tr√™s bon,Tr√™s bon,Utilise ce produit depuis 2 √† 8 semaines,5
Jack,67,2023-02-27,Pas mal,"Un bon set pour d√©buter sans trop d√©penser. 
Les disques sont solides mais n allez pas non plus faire du soulev√© de terre avec!
 les √©crous tiennent bien mais gare aux joints qui aime bien se faire la malle de temps √† autre...
Sinon tout est top. 
les barres manque toutefois l√©g√®rement d'ergonomie.",Utilise ce produit depuis Plus de 2 ans,4
Thierry,68,2023-02-25,J'ai d√©j√† r√©pondu je‚Ä¶,J'ai d√©j√† r√©pondu je vous ai d√©j√† donn√© mon avis au sujet du magasin par contre sera un v√©lo √©lectrique que j'aurais aim√© savoir de quel fa√ßon pour la payer en combien de fois j'ai vue un v√©lo √©lectrique qui fais 1000‚Ç¨ a peu pr√®s j'attends votre r√©ponse j'aurais aim√© savoir autre choses pour que je face une commande de v√™tements pour m'habiller je peu faire comment merci d'avance et vos employ√©s sont tr√®s gentils et tr√®s aimable il mon renseign√© bien il mon bien expliquer au niveaux du produit je reviendrai pour acheter au moin deux pantalons qui me pla√Æt √©norm√©ment avec des maillots aussi je reviendrai pour une veste pour le froid voil√† monsieur le directeur je suis tr√®s reconnaissant et a bient√¥t,Utilise ce produit depuis 3 √† 6 mois,5
Marie Ange,69,2023-02-24,Tr√®s bon produit au‚Ä¶,Tr√®s bon produit au niveau qualit√© prix,Utilise ce produit depuis 1 semaine ou moins,5
Alexandre,70,2023-02-22,Tr√®s pratique les vis‚Ä¶,Tr√®s pratique les vis de maintien. Et aussi tr√®s pratique le rangement malette,Utilise ce produit depuis 2 √† 8 semaines,5
Stephane,71,2023-02-22,"Tr√®s bien
Par contre l'un‚Ä¶","Tr√®s bien
Par contre l'un des syst√®me de blocage bouge se d√©visse l√©g√®rement tr√®s souvent ce qui est un peu g√™nant car √† revisser entre chaque s√©rie ou exercice",Utilise ce produit depuis 3 √† 6 mois,4
Sylvie,72,2023-02-19,Bon achat,Bon achat,Utilise ce produit depuis 1 semaine ou moins,4
S√©bastien,73,2023-02-19,Nickel,Nickel,Utilise ce produit depuis 2 √† 8 semaines,5
Dylan,74,2023-02-19,Produit OK,RAS,Utilise ce produit depuis Plus de 2 ans,5
Sandrine,75,2023-02-18,Tr√®s bon produit bien‚Ä¶,Tr√®s bon produit bien qu'un des bloqueurs ne se visse pas bien et ne tient pas bien dans la bo√Æte.,Utilise ce produit depuis 2 √† 8 semaines,4
FRANCOISE,76,2023-02-18,Tr√®s bon materiel,Tr√®s bon materiel,Utilise ce produit depuis 1 semaine ou moins,5
Celine,77,2023-02-16,Les √©crous  ne‚Ä¶,"Les √©crous  ne sont pas tr√®s  pratiques et manque  de serrage selon l'exercice que l'on fait, ils se desserent un peu...",Utilise ce produit depuis 2 √† 8 semaines,4
Cendrine,78,2023-02-15,Tr√®s bon produit,Tr√®s bon produit,Utilise ce produit depuis 7 √† 12 mois,5
Bruno,79,2023-12-02,TOP,"Tr√®s bon kit autant pour d√©buter que pour progresser
j'ai compl√©t√© avec 4 poids de 0,5 pour augmenter par tranche de 2kg au total",Utilise ce produit depuis Plus d'un an,5
Emma,80,2023-10-02,top,top,Utilise ce produit depuis 1 semaine ou moins,5
Manuella,81,2023-09-02,Tr√®s pratique dans sa‚Ä¶,Tr√®s pratique dans sa mallette pour le rangement. Bon produit,Utilise ce produit depuis 1 semaine ou moins,5
Nathalie,82,2023-09-02,Tr√®s bien,Tr√®s bien,Utilise ce produit depuis 2 √† 8 semaines,5
Michel,83,2023-08-02,Tr√®s bien,Tr√®s bien,Utilise ce produit depuis 2 √† 8 semaines,4
jennifer,84,2023-08-02,Pratique et bon rapport‚Ä¶,Pratique et bon rapport qualit√© prix,Utilise ce produit depuis 2 √† 8 semaines,4
ismet,85,2023-07-02,Parfait,Permet de travailler en toute s√©curit√©,Utilise ce produit depuis 3 √† 6 mois,5
Patrice,86,2023-07-02,Parfait,Parfait,Utilise ce produit depuis 2 √† 8 semaines,5
OLIVIER,87,2023-05-02,Ensemble tr√®s pratique avec‚Ä¶,Ensemble tr√®s pratique avec sa valisette. Belle qualit√©. Les barres et √©crous filet√©s permettent un bon blocage des masses sur les barres,Utilise ce produit depuis 2 √† 8 semaines,5
Justine,88,2023-04-02,Tr√®s bien,Tr√®s bien,Utilise ce produit depuis 2 √† 8 semaines,5
Alain,89,2023-03-02,Bon produit.,Bon produit.,Utilise ce produit depuis 2 √† 8 semaines,5
Guillaume,90,2023-01-02,Conforme aux attentes,Conforme aux attentes,Utilise ce produit depuis 2 √† 8 semaines,5
jacquot,91,2023-01-02,impeccable zebi la truite,impeccable zebi la truite,Utilise ce produit depuis 2 √† 8 semaines,5
Michel,92,2023-01-28,correspond √† mes attentes‚Ä¶,correspond √† mes attentes pour renforcement musculaire en compl√©ment du trail pratiqu√©.,Utilise ce produit depuis 2 √† 8 semaines,4
David,93,2023-01-27,Top pour mon activit√©,Top pour mon activit√©,Utilise ce produit depuis 1 semaine ou moins,4
Sebastien,94,2023-01-27,Produit efficace pour du‚Ä¶,Produit efficace pour du cross training,Utilise ce produit depuis 2 √† 8 semaines,4
Aurelie,95,2023-01-26,Rien √† dire‚Ä¶ !,Rien √† dire‚Ä¶ !,Utilise ce produit depuis 7 √† 12 mois,5
Guislin,96,2023-01-25,tr√®s satisfait du produit‚Ä¶,tr√®s satisfait du produit ! simple et pratique,Utilise ce produit depuis 2 √† 8 semaines,5
Cecile,97,2023-01-24,satisfait   -‚Ä¶,satisfait   -    rangement  OK,Utilise ce produit depuis 2 √† 8 semaines,5
Celine,98,2023-01-24,Bon mat√©riel pour d√©butants.,Bon mat√©riel pour d√©butants.,Utilise ce produit depuis 2 √† 8 semaines,5
Jacky,99,2023-01-23,parfais pour d√©butant,parfais pour d√©butant,Utilise ce produit depuis 2 √† 8 semaines,5
Anthony,100,2023-01-22,tr√®s bien,"tr√®s bon rapport qualit√©-prix mais la malette en plastique est un peu d√©form√© sous l'effet des poids, rien de grave tout est parfait sinon",Utilise ce produit depuis 1 semaine ou moins,5
Valerie,101,2023-01-19,Excellent rapport qualite prix,Excellent rapport qualite prix,Utilise ce produit depuis 7 √† 12 mois,4
Jean-Luc,102,2023-01-19,Bonne tenue en mains,Bonne tenue en mains,Utilise ce produit depuis 2 √† 8 semaines,5
Nathalie,103,2023-01-19,Tr√®s bon produit pour‚Ä¶,Tr√®s bon produit pour la musculation,Utilise ce produit depuis 7 √† 12 mois,5
Jacques,104,2023-01-18,La petite valise est‚Ä¶,La petite valise est un peu fragile,Utilise ce produit depuis 1 semaine ou moins,5
Romane,105,2023-01-18,Bien pour la muscu,"Les disques sont trop large, les √©crous se d√©vissent et la barre n'est pas agr√©able √† prendre en main. Il faut prendre du temps pour changer les poids. 
Pour de la pure musculation je pense que c'est un bon produit mais pas pour de la fitness.",Utilise ce produit depuis 2 √† 8 semaines,3
Val√©rie,106,2023-01-17,Produit complet et de‚Ä¶,Produit complet et de qualit√©,Utilise ce produit depuis 1 semaine ou moins,5
Audrey,107,2023-01-17,Bon rapport qualit√© prix.,Bon rapport qualit√© prix.,Utilise ce produit depuis 2 √† 8 semaines,5
Lydie,108,2023-01-17,Excellent,Excellent,Utilise ce produit depuis 3 √† 6 mois,5
Thomas,109,2023-01-17,Top pour le rangement,Top pour le rangement,Utilise ce produit depuis 1 semaine ou moins,5
Marie-Claire,110,2023-01-17,Mon fils est tr√®s‚Ä¶,Mon fils est tr√®s satisfait de ce produit.,Utilise ce produit depuis 3 √† 6 mois,5
Christina,111,2023-01-16,Pratique solide simple d'utilisation‚Ä¶,"Pratique solide simple d'utilisation 
Bon produit",Utilise ce produit depuis 2 √† 8 semaines,4
Adrien,112,2023-01-16,Tr√®s bien pour les‚Ä¶,"Tr√®s bien pour les s√©ances √† la maison, modulable et facile √† ranger",Utilise ce produit depuis 3 √† 6 mois,5
Ethan,113,2023-01-15,Recommandation,Je viens de les avoir est c‚Äôest super pratique ! (Je recommande pour tous ceux et celles qui veulent devenir le/la plus fort/e de leur lign√©e hehe),Utilise ce produit depuis 1 semaine ou moins,5
Maxime,114,2023-01-14,Poids,La base !,Utilise ce produit depuis 1 semaine ou moins,5
Christophe,115,2023-01-14,La malette de transport‚Ä¶,"La malette de transport est bien pratique. 
Oui je recommande ce produit.",Utilise ce produit depuis 2 √† 8 semaines,4
Francis,116,2023-01-13,Conforme aux caract√©ristiques ‚Ä¶,Conforme aux caract√©ristiques  bon produit,Utilise ce produit depuis 2 √† 8 semaines,5
DOMINIQUE,117,2023-12-01,La mallette n‚Äô est‚Ä¶,La mallette n‚Äô est pas du tout adapt√©e,Utilise ce produit depuis 2 √† 8 semaines,4
Geoffrey,118,2023-12-01,Super rapport qualit√© prix‚Ä¶,"Super rapport qualit√© prix 
S√©curisant",Utilise ce produit depuis 2 √† 8 semaines,5
Francine,119,2023-12-01,Tr√®s bien,Tr√®s bien,Utilise ce produit depuis 2 √† 8 semaines,5
Jean-Christophe,120,2023-11-01,Tr√®s pratique pour ranger,Tr√®s pratique pour ranger,Utilise ce produit depuis 2 √† 8 semaines,4
Nathalie,121,2023-11-01,Produit conforme √† mes‚Ä¶,Produit conforme √† mes attentes,Utilise ce produit depuis 2 √† 8 semaines,5
Val√©rie,122,2023-10-01,"Tr√®s pratique, bon produit‚Ä¶","Tr√®s pratique, bon produit !",Utilise ce produit depuis 2 √† 8 semaines,5
Hanane,123,2023-10-01,Pas assez de maintien‚Ä¶,Pas assez de maintien dans son √©tui .,Utilise ce produit depuis 2 √† 8 semaines,4
Alice,124,2023-09-01,Une tr√®s bonne malette‚Ä¶,"Une tr√®s bonne malette pour d√©buter. 
Assez compl√®te 
Rapport qualit√©/prix top",Utilise ce produit depuis 2 √† 8 semaines,5
Franck,125,2023-08-01,Mat√©riel apparemment robuste et‚Ä¶,Mat√©riel apparemment robuste et polyvalent avec diff√©rentes combinaisons possibles.,Utilise ce produit depuis 2 √† 8 semaines,5
H√©l√®ne,126,2023-07-01,Les poids sont adapt√©s‚Ä¶,Les poids sont adapt√©s pour mes exercices de muscu sans soucis.,Utilise ce produit depuis 1 semaine ou moins,4
Charline,127,2023-06-01,Au top et ne‚Ä¶,Au top et ne prend pas de place apr√®s la malette reste lourde seul d√©faut,Utilise ce produit depuis 7 √† 12 mois,4
Andre,128,2023-05-01,Kit halt√®res de 20 kg,"Ce produit parait bien √©tudi√©, √† voir √† l'usage pour un enfant de 16 ans.
Offert pour No√´l.",Utilise ce produit depuis 2 √† 8 semaines,4
Sullivan,129,2023-04-01,Mon fils est ravi,Mon fils est ravi,Utilise ce produit depuis 2 √† 8 semaines,4
Nicolas,130,2023-04-01,Excellent !,Excellent !,Utilise ce produit depuis 2 √† 8 semaines,5
C√©cile,131,2023-03-01,Kit offert pour mon‚Ä¶,"Kit offert pour mon adolescent √† No√´l, il en est ravi. Tout tient dans la mallette et se transporte facilement. Possibilit√© de r√©gler les poids de fa√ßon simple.",Utilise ce produit depuis 2 √† 8 semaines,5
Christophe,132,2023-03-01,Bien con√ßu et changement‚Ä¶,"Bien con√ßu et changement de poids facile, blocage fiable et durable",Utilise ce produit depuis 2 √† 8 semaines,5
Fabrice,133,2023-01-01,Excellent produit,Excellent produit,Utilise ce produit depuis 2 √† 8 semaines,4
celine,134,2022-12-31,Bon rapport qualit√© prix,Bon rapport qualit√© prix,Utilise ce produit depuis 1 semaine ou moins,5
J√©r√¥me,135,2022-12-31,Du bon mat√©riel aussi‚Ä¶,"Du bon mat√©riel aussi bien pour amateurs que professionnel les produits sont de tr√®s bonne qualit√© avec une belle finition je reviendrait pour compl√©ter ma gamme en esp√©rant que vous vous r√©approvisionner r√©guli√®rement, merci üëç",Utilise ce produit depuis 7 √† 12 mois,5
J√©r√¥me,136,2022-12-30,La fermeture de la‚Ä¶,La fermeture de la bo√Æte plastique doit √™tre fiabilis√©e et/ou am√©liorer,Utilise ce produit depuis 2 √† 8 semaines,4
Thomas,137,2022-12-29,Bon produit solide on‚Ä¶,Bon produit solide on se fait rapidement √† l'ergonomie,Utilise ce produit depuis 3 √† 6 mois,5
Christelle,138,2022-12-26,"Tr√®s bien, je recommande.","Tr√®s bien, je recommande.",Utilise ce produit depuis 1 semaine ou moins,5
Peggy,139,2022-12-26,Correspond tout √† fait‚Ä¶,"Correspond tout √† fait √† la description, facile √† monter et pratique",Utilise ce produit depuis 1 semaine ou moins,5
Christele,140,2022-12-26,RAS,RAS,Utilise ce produit depuis 2 √† 8 semaines,5
Fr√©d√©ric,141,2022-12-24,Tr√®s bon produit ‚Ä¶,Tr√®s bon produit  qualit√© prix,Utilise ce produit depuis 1 semaine ou moins,5
Geraldine,142,2022-12-23,Bien,Bien,Utilise ce produit depuis 1 semaine ou moins,5
BACHIR,143,2022-12-23,tr√®s bon produit facile‚Ä¶,tr√®s bon produit facile a ranger,Utilise ce produit depuis 2 √† 8 semaines,5
Christine,144,2022-12-23,Tr√®s satisfaite de mon‚Ä¶,Tr√®s satisfaite de mon achat.,Utilise ce produit depuis 2 √† 8 semaines,5
Constantin,145,2022-12-22,Correspond en tous points‚Ä¶,Correspond en tous points √† notre attente.,Utilise ce produit depuis 2 √† 8 semaines,5
Laurent,146,2022-12-19,Ensemble tr√®s pratique pour‚Ä¶,Ensemble tr√®s pratique pour le transport dans sa petite mallette plastique et simple √† utiliser pour se muscler.,Utilise ce produit depuis 2 √† 8 semaines,5
Karine,147,2022-12-19,tr√®s bon produit,tr√®s bon produit,Utilise ce produit depuis 2 √† 8 semaines,5
Isabelle,148,2022-12-15,Tr√®s bonne qualit√©,Tr√®s bonne qualit√©,Utilise ce produit depuis 1 semaine ou moins,5
Caroline,149,2022-12-14,Oui,Oui,Utilise ce produit depuis 2 √† 8 semaines,4
Guilhem,150,2022-12-14,Au top,Au top,Utilise ce produit depuis 2 √† 8 semaines,5
Patrick,151,2022-12-14,Bien,Ils sont bien mais le joint en caoutchouc part rapidement. Il faudrait revoir sa mise en place je crois,Utilise ce produit depuis Plus d'un an,5
Joelle,152,2022-12-14,tr√®s pratique pour la‚Ä¶,tr√®s pratique pour la maison  quand je ne peut pas aller a la salle de sport,Utilise ce produit depuis 2 √† 8 semaines,5
Cedric,153,2022-12-14,Parfait,Parfait,Utilise ce produit depuis 1 semaine ou moins,4
Lionel,154,2022-11-12,Tr√®s bon produit,"Facile d‚Äôutilisation, r√©pond au besoin",Utilise ce produit depuis 2 √† 8 semaines,5
Frederic,155,2022-10-12,Poids,Bien facile d‚Äôutilisation dommage qu‚Äôil faut souvent re- serer l‚Äô√©crou de maintient des poids,Utilise ce produit depuis 3 √† 6 mois,5
Regis,156,2022-08-12,Pour offrir √† No√´l,Pour offrir √† No√´l,Utilise ce produit depuis 1 semaine ou moins,5
Emmanuel,157,2022-08-12,Bon coffret,Tr√®s bien costaud s√©curis√© gr√¢ce aux √©crous,Utilise ce produit depuis 2 √† 8 semaines,5
Virginie,158,2022-08-12,C'est pour offrir,C'est pour offrir,Utilise ce produit depuis 2 √† 8 semaines,4
Marvin,159,2022-07-12,Top,Kit parfait pour un d√©butant,Utilise ce produit depuis 1 semaine ou moins,5
Jerome,160,2022-06-12,bon kit complet avec‚Ä¶,bon kit complet avec choix de diff√©rents poids √† un prix abordable,Utilise ce produit depuis 1 semaine ou moins,5
Isabelle,161,2022-06-12,altere,bien super fixation,Utilise ce produit depuis 2 √† 8 semaines,4
Maurice,162,2022-06-12,Tr√®s pratique et une‚Ä¶,Tr√®s pratique et une fois dans sa bo√Æte prends peu de place bravo tr√®s bien.,Utilise ce produit depuis 2 √† 8 semaines,5
Yannick,163,2022-05-12,En faite pour commencer‚Ä¶,"En faite pour commencer c‚Äôest l‚Äôid√©al, par contre on arrive vite √† la limite, du coup acheter quelques poids en plus ne serait pas plus mal",Utilise ce produit depuis 2 √† 8 semaines,5
Nazim,164,2022-05-12,Tr√®s bien,Tr√®s bien,Utilise ce produit depuis 2 √† 8 semaines,5
Benoit,165,2022-04-12,Tr√®s bien m√™me si‚Ä¶,Tr√®s bien m√™me si les √©crous on tendance a ce desserr√©,Utilise ce produit depuis 2 √† 8 semaines,4
Felipe,166,2022-04-12,R√©pond aux attentes !,R√©pond aux attentes !,Utilise ce produit depuis 3 √† 6 mois,4
Pascal,167,2022-03-12,Tr√®s bon rapport qualit√©/prix,Tr√®s bon rapport qualit√©/prix,Utilise ce produit depuis 1 semaine ou moins,5
,168,2022-01-12,Tr√®s content,Tr√®s content,Utilise ce produit depuis 1 semaine ou moins,5
Arianne,169,2022-01-12,Bon produit,Bon produit,Utilise ce produit depuis 2 √† 8 semaines,4
Julien,170,2022-11-30,Halt√®re aux finitions correctes‚Ä¶,"Halt√®re aux finitions correctes et s√©curit√© garantie gr√¢ce au tiges filet√©es, parfaites pour la maison.",Utilise ce produit depuis 2 √† 8 semaines,5
Jean-Pierre,171,2022-11-24,Bien,Bien,Utilise ce produit depuis 1 semaine ou moins,5
DOMINIQUE,172,2022-11-24,r.a.s,r.a.s,Utilise ce produit depuis 2 √† 8 semaines,5
Evelyne,173,2022-11-22,"Super.
Tr√®s pratiques, facilement modulables.","Super.
Tr√®s pratiques, facilement modulables.",Utilise ce produit depuis 1 semaine ou moins,5
Gerard,174,2022-11-18,Bon produit,Bon produit,Utilise ce produit depuis 3 √† 6 mois,5
Christophe,175,2022-11-17,Ras,Ras,Utilise ce produit depuis 1 semaine ou moins,5
LAURENT,176,2022-11-16,Que √ßa soit en‚Ä¶,"Que √ßa soit en utilisation direct ou en compl√©ment  de mon mat√©riel de musculation (trous d‚Äôembo√Ætage l√©g√®rement plus grands que la dimensions des barres standards), nickel! je recommande!",Utilise ce produit depuis 2 √† 8 semaines,5
Frederic,177,2022-11-14,ideale,parfait pour moi qui d√©bute,Utilise ce produit depuis 7 √† 12 mois,5
Thierry,178,2022-11-11,Excellent kit,Excellent kit,Utilise ce produit depuis 2 √† 8 semaines,5
stephane,179,2022-10-11,Fait tres bien le‚Ä¶,"Fait tres bien le job , utilisable a domicile, transportable au bureau, en vacancesüëç",Utilise ce produit depuis 2 √† 8 semaines,4
Eddie,180,2022-09-11,Tr√®s bon produit.,Tr√®s bon produit.,Utilise ce produit depuis 1 semaine ou moins,5
Micka√´l,181,2022-05-11,"Bon produit, permet de‚Ä¶","Bon produit, permet de bien progresser chez soi",Utilise ce produit depuis 3 √† 6 mois,5
Valerie,182,2022-05-11,Facile √† monter et‚Ä¶,Facile √† monter et on peut changer de poids selon nos besoins,Utilise ce produit depuis 3 √† 6 mois,5
Celine,183,2022-05-11,Ras,Ras,Utilise ce produit depuis 3 √† 6 mois,4
ROGER,184,2022-04-11,Tres bien,Tres bien,Utilise ce produit depuis 2 √† 8 semaines,5
Cedric,185,2022-02-11,parfait pour les entretiens‚Ä¶,parfait pour les entretiens de base a la maison,Utilise ce produit depuis 1 semaine ou moins,5
Florian,186,2022-02-11,Top pour la muscu √† la maison,"Top pour la muscu √† la maison ! 
Beau matos , qui fait son poids ( 20kg en tout )",Utilise ce produit depuis 1 semaine ou moins,5
Melanie,187,2022-01-11,Sport maison,Id√©al pour commencer le sport en douceur,Utilise ce produit depuis 7 √† 12 mois,5
Prieto,188,2022-10-30,bien :yes:,bien üëç,Utilise ce produit depuis 2 √† 8 semaines,5
Angelique,189,2022-10-30,Nikel,Nikel,Utilise ce produit depuis 1 semaine ou moins,5
Manon,190,2022-10-25,Tr√®s pratique pour le prix,"Utilis√© depuis quelques semaines pour un renforcement musculaire √† la maison, ce kit est tr√®s pratique pour travailler tout le corps. J‚Äôen suis tr√®s satisfaite!",Utilise ce produit depuis 2 √† 8 semaines,5
Marielle,191,2022-10-25,Tr√®s bien !,Tr√®s bien !,Utilise ce produit depuis 2 √† 8 semaines,5
Sandrine,192,2022-10-24,Tr√®s contente de ce‚Ä¶,"Tr√®s contente de ce produit bonne ergonomie, je recommande",Utilise ce produit depuis 7 √† 12 mois,5
Catherine,193,2022-10-23,Bon √©quipement !,Bon √©quipement !,Utilise ce produit depuis 7 √† 12 mois,5
C√©cile,194,2022-10-21,Exactement ce que je‚Ä¶,Exactement ce que je cherchais pour avoir plus d'adaptabilit√© pour les entra√Ænements !,Utilise ce produit depuis 1 semaine ou moins,5
Laurence,195,2022-10-20,Ras,Ras,Utilise ce produit depuis 2 √† 8 semaines,5
Agnes,196,2022-10-18,Tres bon.materiel,Tres bon.materiel,Utilise ce produit depuis 1 semaine ou moins,5
Bernard,197,2022-10-18,Bon mat√©riel,Bon mat√©riel,Utilise ce produit depuis 1 semaine ou moins,5
Vincent,198,2022-10-17,Tr√®s bien,Tr√®s bien,Utilise ce produit depuis 1 semaine ou moins,5
Marion,199,2022-10-16,Bon produit,"Bien pour les d√©butants
Assez de combinaisons de poids possible, mallette de rangement pratique.
RAS",Utilise ce produit depuis 2 √† 8 semaines,5
Sabrina,200,2022-10-16,Bien,Bien,Utilise ce produit depuis 1 semaine ou moins,5
Hasni,201,2022-10-16,Correct,"Le rev√™tement noir ne tient pas dommage, un rev√™tement plastique ou caoutchouc aurait √©t√© pr√©f√©rable.",Utilise ce produit depuis 3 √† 6 mois,5
Jessica,202,2022-10-14,Impossible,Impossible,Utilise ce produit depuis 2 √† 8 semaines,5
Pascal,203,2022-10-13,Tr√®s polyvalent pour d√©marrer la muscu,"le syst√®me √† vis est top.
Seul reproche, ils manquent des poids de 500 gr",Utilise ce produit depuis 7 √† 12 mois,5
Philippe,204,2022-12-10,Tr√®s bien,Tr√®s bien,Utilise ce produit depuis 3 √† 6 mois,5
Luc,205,2022-10-10,Super solide,"Bo√Æte de rangement super utile pour tout d√©placer.
Les disques de poids sont tr√®s solides.",Utilise ce produit depuis 3 √† 6 mois,5
Lys-Laine,206,2022-10-10,Rien √† dire de‚Ä¶,Rien √† dire de particulier,Utilise ce produit depuis 2 √† 8 semaines,5
Fabrice,207,2022-09-10,Pratique pour pratiquer un‚Ä¶,"Pratique pour pratiquer un entretien quotidien l√©ger √† son domicile entre 2 s√©ances en salle de muscu.
Le seul b√©mol r√©side dans les ""vis"" de blocage des poids qui parfois se desserrent.",Utilise ce produit depuis 1 semaine ou moins,5
Christophe,208,2022-07-10,Un kit accessible au‚Ä¶,Un kit accessible au niveau tarif et assez polyvalent,Utilise ce produit depuis 2 √† 8 semaines,4
Gerardine,209,2022-06-10,Bon kit pour faire‚Ä¶,Bon kit pour faire son sport √† domicile,Utilise ce produit depuis 1 semaine ou moins,5
Jean Luc,210,2022-06-10,malette id√©al pour la musculation,"cette malette d'alt√®re au total de 20kg
C'est id√©al pour travailler les muscles",Utilise ce produit depuis Plus de 2 ans,5
Ludovic,211,2022-01-10,Tr√®s bon kit,Tr√®s bon kit complet avec valise de rangement tr√®s pratique,Utilise ce produit depuis 1 semaine ou moins,5
Fabien,212,2022-09-29,tres bonne petite mallette‚Ä¶,tres bonne petite mallette de travail pour d√©buter,Utilise ce produit depuis 7 √† 12 mois,4
Jessy,213,2022-09-28,Bon produit excellent qualit√©,Bon produit excellent qualit√©,Utilise ce produit depuis 1 semaine ou moins,5
Mylene,214,2022-09-25,Bon rapport qualit√©,Bon rapport qualit√©,Utilise ce produit depuis 1 semaine ou moins,5
Frederic,215,2022-09-25,Tr√®s bon achat. Complet‚Ä¶,Tr√®s bon achat. Complet facile √† monter et solide,Utilise ce produit depuis 1 semaine ou moins,5
C√©line,216,2022-09-24,Tr√®s bien et tr√®s‚Ä¶,Tr√®s bien et tr√®s pratique. Usage r√©gulier,Utilise ce produit depuis 2 √† 8 semaines,5
Francois-Xavier,217,2022-09-24,Pas mal mais les‚Ä¶,Pas mal mais les cales se devissent lors des exercices et les poids bougent ensuite,Utilise ce produit depuis 3 √† 6 mois,5
Celine,218,2022-09-23,Mon neveu est satisfait,Mon neveu est satisfait,Utilise ce produit depuis 7 √† 12 mois,5
Julie,219,2022-09-23,Parfait,Parfait,Utilise ce produit depuis 1 semaine ou moins,5
Sebastien,220,2022-09-23,Bien con√ßue et une‚Ä¶,"Bien con√ßue et une mallette de rangement, et poids utilisable sur d'autre barre si on utilise des clips",Utilise ce produit depuis 1 semaine ou moins,5
IGNACE,221,2022-09-22,La malette est bien‚Ä¶,"La malette est bien pratique, le probl√®me c'est que √ßa se d√©visse pendant la pratique.",Utilise ce produit depuis 2 √† 8 semaines,3
Virginie,222,2022-09-21,Fonctionnel,Fonctionnel,Utilise ce produit depuis 2 √† 8 semaines,5
Thibaut,223,2022-09-21,Super,Super produit rapport qualit√© prix top,Utilise ce produit depuis 2 √† 8 semaines,5
Veronique,224,2022-09-20,super produit,produit tr√®s complet,Utilise ce produit depuis 2 √† 8 semaines,5
Nadege,225,2022-09-20,Bien,Bien,Utilise ce produit depuis 1 semaine ou moins,5
Bertrand,226,2022-09-20,"Bon produit, pour un‚Ä¶","Bon produit, pour un prix tr√®s concurrentiel.",Utilise ce produit depuis 2 √† 8 semaines,5
Jacky,227,2022-09-17,dommage qu'il n'y ai‚Ä¶,dommage qu'il n'y ai pas une cl√©e pour le serrage sinon Tb qt m/m,Utilise ce produit depuis 7 √† 12 mois,5
Patrick,228,2022-09-17,tr√®s bon kit pour‚Ä¶,tr√®s bon kit pour d√©but√©,Utilise ce produit depuis 1 semaine ou moins,4
frederic,229,2022-09-17,Excellent halt√®re,Excellent halt√®re,Utilise ce produit depuis 1 semaine ou moins,5
Christophe,230,2022-09-16,parfait pour d√©butants,parfait pour d√©butants,Utilise ce produit depuis 7 √† 12 mois,4
Odile,231,2022-09-16,Tr√®s bon kit,Tr√®s bon kit,Utilise ce produit depuis 2 √† 8 semaines,5
Fabrice,232,2022-09-16,comment perdre de l'embonpoint...,"Achet√© pour r√©duire les volumes incongrus !
associ√© avec D√©cat'Coach - les effets sont imm√©diats !",Utilise ce produit depuis 1 semaine ou moins,4
Sophie,233,2022-09-15,La valise de rangement‚Ä¶,"La valise de rangement est pratique. 
Le mat√©riel est bien.",Utilise ce produit depuis 2 √† 8 semaines,5
Benjamin,234,2022-09-14,Musculation,Tr√®s bien pour la maison !,Utilise ce produit depuis 2 √† 8 semaines,5
Christian,235,2022-09-13,Les joints ont tendance‚Ä¶,"Les joints ont tendance √† ne pas rester en place un petit point de colle serait le bien venu .
Sinon impeccable",Utilise ce produit depuis 2 √† 8 semaines,4
Sylvain,236,2022-09-13,Bon produit,Bon produit,Utilise ce produit depuis 2 √† 8 semaines,3
MARION,237,2022-09-13,Musculation de plusieurs parties‚Ä¶,"Musculation de plusieurs parties du corps 
Pour le prix , 2 poids en plus de 2 kgs auraient √©t√© appr√©ciables",Utilise ce produit depuis 2 √† 8 semaines,5
Helder Michel,238,2022-12-09,Bon produit,Bon produit,Utilise ce produit depuis 1 semaine ou moins,3
Arnaud,239,2022-10-09,"Comme d'habitude avec Decathlon,‚Ä¶","Comme d'habitude avec Decathlon, tout est parfait !",Utilise ce produit depuis 2 √† 8 semaines,5
Lucie,240,2022-10-09,Cool,"Merci Decathlon, tr√®s bon produit",Utilise ce produit depuis 7 √† 12 mois,5
Ludovic,241,2022-09-09,Bon produit,Bon produit,Utilise ce produit depuis 7 √† 12 mois,4
David,242,2022-09-09,Efficace,Efficace,Utilise ce produit depuis 2 √† 8 semaines,5
David,243,2022-08-09,Fait le taf !,"Impeccable, facile d'utilisation, poids id√©al pour l'utilisation que j'en ai. Un bon achat.

On pourrait juste √©mettre des doutes sur la qualit√© de la boite de stockage (solidit√© globale, √©l√©ments qui tombent √† l'ouverture si on n'y va pas tout doucement).

La r√©partition des poids pourrait √™tre l√©g√®rement diff√©rente. Actuellement on peut faire 2, 4, 6, 8 ou 10 kg par halt√®re mais pas 3, 5, 7 ou 9. C'est juste un truc √† savoir avant l'achat.",Utilise ce produit depuis 1 semaine ou moins,5
Marie Laure,244,2022-07-09,tr√®s bons produits et‚Ä¶,tr√®s bons produits et pratique √† stocker je recommande,Utilise ce produit depuis 2 √† 8 semaines,5
Lo√Øc,245,2022-07-09,m'en suis servi que‚Ä¶,m'en suis servi que deux ou trois fois c mon fils qui les utilises il en est contant,Utilise ce produit depuis 3 √† 6 mois,4
Gregory,246,2022-04-09,Bon produit,Bon produit,Utilise ce produit depuis 2 √† 8 semaines,5
Antoine,247,2022-02-09,Halt√®res,"Bonne livraison ! Une journ√©e de retard mais rien de mal, Super produit! Je recommande",Utilise ce produit depuis 1 semaine ou moins,5
Jennifer,248,2022-02-09,Achet√© en cadeau et‚Ä¶,Achet√© en cadeau et il en est tr√®s satisfait,Utilise ce produit depuis 1 semaine ou moins,5
Mathieu,249,2022-08-31,Bon produit mais les‚Ä¶,"Bon produit mais les fixations √† filetage, c'est un peu d√©pass√© et peu pratique. Cordialement",Utilise ce produit depuis 2 √† 8 semaines,4
Patricia,250,2022-08-31,Mon fils en est‚Ä¶,Mon fils en est ravi et le c√¥t√© tr√®s pratique c'est que l'on peu les transport√©s partout,Utilise ce produit depuis 2 √† 8 semaines,5
Ana√Øs,251,2022-08-30,Au top pour les‚Ä¶,"Au top pour les entra√Ænements √† la maison, pratique avec la malette de rangement.",Utilise ce produit depuis 2 √† 8 semaines,5
Cedric,252,2022-08-30,Tr√®s bonnes halt√®res pour‚Ä¶,Tr√®s bonnes halt√®res pour commencer la musculation. Par contre le prix a vachement augment√© il me semble les avoir pay√©s 40e il y a 2 o√π 3 ans. Je recommande tout de m√™me. La valise permet d'y ranger votre mat√©riel ce que je trouve tr√®s pratique au lieu de laisser tra√Æner les poids au sol.,Utilise ce produit depuis 1 semaine ou moins,5
CHRISTOPHE,253,2022-08-29,Bon produit mais petit‚Ä¶,"Bon produit mais petit b√©mol car les √©crous se desserrent pendant les exercices, sans bruit et rapidement. Les √©crous disposent d‚Äôun joint d‚Äôun c√¥t√©, dans le doute j‚Äôai test√© les deux c√¥t√©s avec le m√™me r√©sultat‚Ä¶dommage",Utilise ce produit depuis 2 √† 8 semaines,3
PASCAL,254,2022-08-29,Tr√®s bon produit,Tr√®s bon produit,Utilise ce produit depuis 2 √† 8 semaines,5
Isabelle,255,2022-08-29,La palette de 20‚Ä¶,La palette de 20 kg est g√©niale : facile de rangement. Le syst√®me d‚Äôattache des disques est tr√®s facile et surtout tr√®s efficace . Merci au conseiller pour cette s√©lection,Utilise ce produit depuis 1 semaine ou moins,5
Diego,256,2022-08-28,Bon produit,Bon produit,Utilise ce produit depuis 1 semaine ou moins,5
Michel,257,2022-08-28,Efficace,Efficace,Utilise ce produit depuis 1 semaine ou moins,3
Jennifer,258,2022-08-28,Bon produit. Au bout‚Ä¶,Bon produit. Au bout de quelques excercice les barres font mal aux mains. Prendre des gants pour √©viter les blessures .,Utilise ce produit depuis 3 √† 6 mois,4
Stephane,259,2022-08-27,Tr√®s bien pour un‚Ä¶,Tr√®s bien pour un jeune d√©butant.,Utilise ce produit depuis 7 √† 12 mois,5
Christian,260,2022-08-27,dommage que c'est √†‚Ä¶,"dommage que c'est √† visser pour serrer les poids, beaucoup mieux et rapide par pince",Utilise ce produit depuis 1 semaine ou moins,4
Denis,261,2022-08-26,Excellent,Excellent,Utilise ce produit depuis 2 √† 8 semaines,5
Johan,262,2022-08-25,Tres bon kit,Tres bon kit,Utilise ce produit depuis 2 √† 8 semaines,5
David,263,2022-08-25,Non produit,Non produit,Utilise ce produit depuis 1 semaine ou moins,5
Philippe,264,2022-08-24,tr√®s bien,tr√®s bien pour d√©buter √† la maison,Utilise ce produit depuis 2 √† 8 semaines,5
V√©ronique,265,2022-08-24,Parfait,Parfait,Utilise ce produit depuis 7 √† 12 mois,5
Chantal,266,2022-08-22,Ce qu'ils nous fallait,Ce qu'ils nous fallait,Utilise ce produit depuis 1 semaine ou moins,5
Estelle,267,2022-08-22,Parfait!,"Tr√®s utile pour faire des s√©ries de musculation. La valise est super pour transporter le mat√©riel en vacances ou autre sans prendre trop de place. Je conseille d‚Äôacheter en suppl√©ment des embouts en plastiques, il s‚Äôach√®te √† l‚Äôunit√©, plus pratique et rapide que les √©crous.",Utilise ce produit depuis 2 √† 8 semaines,5
Vincent,268,2022-08-22,Id√©al pour commencer,Id√©al pour commencer,Utilise ce produit depuis 2 √† 8 semaines,5
Julia,269,2022-08-21,Tr√®s bon produit,Tr√®s bon produit,Utilise ce produit depuis 1 semaine ou moins,5
Emilien,270,2022-08-20,Manque 2 poids de‚Ä¶,Manque 2 poids de 1kg,Utilise ce produit depuis 2 √† 8 semaines,1
Aur√©lie,271,2022-08-19,Parfait et rangement pratique,Parfait et rangement pratique,Utilise ce produit depuis 2 √† 8 semaines,5
Nathalie,272,2022-08-18,Bon rapport qualit√© prix,Bon rapport qualit√© prix,Utilise ce produit depuis 1 semaine ou moins,5
Alexandre,273,2022-08-15,Bon choix pour utiliser‚Ä¶,Bon choix pour utiliser l‚Äôappli coach musculation !,Utilise ce produit depuis 2 √† 8 semaines,4
Joseph,274,2022-08-15,Les joints ont tendance‚Ä¶,Les joints ont tendance √† partir des la 1 et utilisation sinon .Bon rapport qualit√© prix.,Utilise ce produit depuis 2 √† 8 semaines,4
Alfonso,275,2022-08-14,Bon rapport qualit√©/prix,Me permet de r√©aliser des exercices chez moi en compl√©ment de la salle de sport,Utilise ce produit depuis 3 √† 6 mois,5
Nordine,276,2022-08-13,Excellent produit pas trop‚Ä¶,Excellent produit pas trop cher,Utilise ce produit depuis 2 √† 8 semaines,5
Damien,277,2022-08-13,Produit au top je‚Ä¶,Produit au top je recommande sauf un b√©mol les √©crous de serrage qui se d√©vissent parfois en plein action‚Ä¶,Utilise ce produit depuis 2 √† 8 semaines,4
Jacques,278,2022-12-08,Excellent produit polyvalent. Le‚Ä¶,Excellent produit polyvalent. Le meilleur rapport qualit√© prix du march√© !,Utilise ce produit depuis 2 √† 8 semaines,5
Mat√©o,279,2022-10-08,"Super kit pour d√©buter,‚Ä¶","Super kit pour d√©buter, apr√®s vous pouvez toujours acheter des poids pour augmenter le niveau",Utilise ce produit depuis 1 semaine ou moins,3
Thierry,280,2022-09-08,Pratique de le muscu‚Ä¶,"Pratique de le muscu √† domicile, hypers pratiques..",Utilise ce produit depuis Plus de 2 ans,5
Patrick,281,2022-08-08,"Bon produit, simple et‚Ä¶","Bon produit, simple et pratique.",Utilise ce produit depuis 2 √† 8 semaines,4
Clarence,282,2022-07-08,tres bon,sauf le syst√®me de serrage des barres qui est tres contraignant,Utilise ce produit depuis Plus de 2 ans,4
Fabrice,283,2022-07-08,Prix correct pour ce‚Ä¶,Prix correct pour ce kit halt√®res. Top,Utilise ce produit depuis 2 √† 8 semaines,5
Gregory,284,2022-06-08,halt√®re,Tr√®s bon produit. Toujours des super produits chez d√©cathlon,Utilise ce produit depuis 2 √† 8 semaines,5
Thierry,285,2022-06-08,Permet de se muscler‚Ä¶,Permet de se muscler tranquillement,Utilise ce produit depuis 3 √† 6 mois,5
KARIM,286,2022-06-08,Complet pour un debutant,Complet pour un debutant,Utilise ce produit depuis 7 √† 12 mois,5
MARIE PIERRE,287,2022-05-08,Coffret id√©al pour d√©buter,Coffret id√©al pour d√©buter,Utilise ce produit depuis 7 √† 12 mois,5
Elisabeth,288,2022-05-08,bon produit,bon produit,Utilise ce produit depuis 7 √† 12 mois,5
Julie,289,2022-05-08,Parfait ! La mallette‚Ä¶,Parfait ! La mallette de rangement s'av√®re tr√®s utile.,Utilise ce produit depuis 3 √† 6 mois,5
Jessica,290,2022-05-08,Facile d‚Äôutilisation tr√®s pratique,Facile d‚Äôutilisation tr√®s pratique,Utilise ce produit depuis 3 √† 6 mois,5
Julie,291,2022-05-08,Kit tr√®s pratique √†‚Ä¶,Kit tr√®s pratique √† l‚Äôemploi et de bonne qualit√© cependant les bars et les vis ne tiennent pas lorsque l‚Äôon veut fermer la bo√Æte.,Utilise ce produit depuis 2 √† 8 semaines,4
Corinne,292,2022-05-08,Bon produit,Bon produit,Utilise ce produit depuis 7 √† 12 mois,5
Sandra,293,2022-04-08,Tres difficile e de‚Ä¶,Tres difficile e de porter la mallette  du magasin a la voiture tres loud quand on est pas encore muscl√©,Utilise ce produit depuis 7 √† 12 mois,5
Val√©rie,294,2022-04-08,Me convient parfaitement,Me convient parfaitement,Utilise ce produit depuis 3 √† 6 mois,5
Reynald,295,2022-04-08,J'ai pu faire pas‚Ä¶,"J'ai pu faire pas mal d'exercice pour me remettre en forme avant d'aller n salle. Maintenant, les pois vont servir pour une barre d' 1m55",Utilise ce produit depuis 7 √† 12 mois,5
Yannick,296,2022-04-08,parfait pour les compl√©ments‚Ä¶,"parfait pour les compl√©ments d'entrainement (ici triathlon)
attention les visses ne sont pas autobloquante / Favoriser les circlip",Utilise ce produit depuis 1 semaine ou moins,3
Andrea,297,2022-01-08,tr√®s bon produit,excellent pour home gym. Dommage que au bout des quelques mois d'utilisation les parties en gomme ce sont d√©fait. A part cela est un tr√®s bon produit,Utilise ce produit depuis Plus d'un an,4
Honore,298,2022-01-08,MERCI,MERCI,Utilise ce produit depuis 2 √† 8 semaines,5
Ronan,299,2022-01-08,Tr√®s bon produit,Tr√®s bon produit,Utilise ce produit depuis 2 √† 8 semaines,5
